/*
 Navicat Premium Data Transfer

 Source Server         : localhost
 Source Server Type    : MySQL
 Source Server Version : 100128
 Source Host           : localhost:3306
 Source Schema         : bankasistemi

 Target Server Type    : MySQL
 Target Server Version : 100128
 File Encoding         : 65001

 Date: 22/01/2018 14:37:32
*/

SET NAMES utf8mb4;
SET FOREIGN_KEY_CHECKS = 0;

-- ----------------------------
-- Table structure for aboneler
-- ----------------------------
DROP TABLE IF EXISTS `aboneler`;
CREATE TABLE `aboneler`  (
  `id` int(11) NOT NULL AUTO_INCREMENT,
  `abone_no` varchar(15) CHARACTER SET utf8 COLLATE utf8_turkish_ci NULL DEFAULT NULL,
  `kurum_id` varchar(15) CHARACTER SET utf8 COLLATE utf8_turkish_ci NULL DEFAULT NULL,
  `musteri_id` varchar(15) CHARACTER SET utf8 COLLATE utf8_turkish_ci NULL DEFAULT NULL,
  PRIMARY KEY (`id`) USING BTREE
) ENGINE = InnoDB AUTO_INCREMENT = 9 CHARACTER SET = utf8 COLLATE = utf8_turkish_ci ROW_FORMAT = Compact;

-- ----------------------------
-- Records of aboneler
-- ----------------------------
INSERT INTO `aboneler` VALUES (1, '1', '111', '78985544');
INSERT INTO `aboneler` VALUES (2, '2', '112', '78895887');
INSERT INTO `aboneler` VALUES (3, '3', '211', '20270100');
INSERT INTO `aboneler` VALUES (4, '4', '212', '101801110701');
INSERT INTO `aboneler` VALUES (5, '5', '311', '101801100727');
INSERT INTO `aboneler` VALUES (6, '6', '411', '20270100');
INSERT INTO `aboneler` VALUES (7, '7', '412', '78895887');
INSERT INTO `aboneler` VALUES (8, '8', '413', '78985544');

-- ----------------------------
-- Table structure for bakiye
-- ----------------------------
DROP TABLE IF EXISTS `bakiye`;
CREATE TABLE `bakiye`  (
  `id` int(11) NOT NULL AUTO_INCREMENT,
  `hesapid` varchar(20) CHARACTER SET utf8 COLLATE utf8_turkish_ci NULL DEFAULT NULL,
  `bky` int(11) NULL DEFAULT NULL,
  `hesap_tur` varchar(20) CHARACTER SET utf8 COLLATE utf8_turkish_ci NULL DEFAULT NULL,
  `son_eklenen` double(15, 0) NULL DEFAULT NULL,
  PRIMARY KEY (`id`) USING BTREE
) ENGINE = InnoDB AUTO_INCREMENT = 41 CHARACTER SET = utf8 COLLATE = utf8_turkish_ci ROW_FORMAT = Compact;

-- ----------------------------
-- Records of bakiye
-- ----------------------------
INSERT INTO `bakiye` VALUES (1, '1041198', 3643, '1', 98);
INSERT INTO `bakiye` VALUES (2, '10844496', 108, '1', 2);
INSERT INTO `bakiye` VALUES (3, '10809718', 8001, '2', 555);
INSERT INTO `bakiye` VALUES (4, '10246653', 0, '5', 0);
INSERT INTO `bakiye` VALUES (5, '10384085', 3367, '5', 1);
INSERT INTO `bakiye` VALUES (6, '10416636', 954, '5', 1);
INSERT INTO `bakiye` VALUES (7, '10955478', 850, '5', 4);
INSERT INTO `bakiye` VALUES (8, '1018559', 190, '2', 100);
INSERT INTO `bakiye` VALUES (9, '11111', 981, '1', 98);
INSERT INTO `bakiye` VALUES (10, '22222', 0, '1', 0);
INSERT INTO `bakiye` VALUES (11, '33333', 0, '1', 0);
INSERT INTO `bakiye` VALUES (12, '44444', 0, '1', 0);
INSERT INTO `bakiye` VALUES (13, '55555', 0, '1', 0);
INSERT INTO `bakiye` VALUES (14, '66666', 0, '1', 0);
INSERT INTO `bakiye` VALUES (15, '77777', 0, '1', 0);
INSERT INTO `bakiye` VALUES (16, '88888', 0, '1', 0);
INSERT INTO `bakiye` VALUES (17, '10115468', 1, '1', 1);
INSERT INTO `bakiye` VALUES (18, '10732788', 0, '1', 200);
INSERT INTO `bakiye` VALUES (19, '10955270', 0, '2', NULL);
INSERT INTO `bakiye` VALUES (20, '10587741', 0, '5', NULL);
INSERT INTO `bakiye` VALUES (22, '10578297', 101, '5', 20);
INSERT INTO `bakiye` VALUES (23, '1082562', 0, '1', NULL);
INSERT INTO `bakiye` VALUES (24, '10410039', 0, '2', NULL);
INSERT INTO `bakiye` VALUES (25, '10744695', 0, '5', NULL);
INSERT INTO `bakiye` VALUES (26, '10744695', 0, '1', NULL);
INSERT INTO `bakiye` VALUES (27, '1031501', 0, '5', NULL);
INSERT INTO `bakiye` VALUES (28, '10758265', 0, '5', NULL);
INSERT INTO `bakiye` VALUES (29, '10894199', 0, '2', NULL);
INSERT INTO `bakiye` VALUES (30, '10703058', 0, '5', NULL);
INSERT INTO `bakiye` VALUES (31, '10915899', 0, '1', NULL);
INSERT INTO `bakiye` VALUES (32, '10902117', 0, '2', NULL);
INSERT INTO `bakiye` VALUES (33, '1073527', 0, '5', NULL);
INSERT INTO `bakiye` VALUES (34, '10487444', 8303, '1', 2097);
INSERT INTO `bakiye` VALUES (35, '10193870', 0, '2', NULL);
INSERT INTO `bakiye` VALUES (36, '10133398', 0, '5', NULL);
INSERT INTO `bakiye` VALUES (37, '10164778', 4000, '1', 800);
INSERT INTO `bakiye` VALUES (38, '10531693', 1000, '2', 1000);
INSERT INTO `bakiye` VALUES (39, '10451643', 1900, '5', 100);
INSERT INTO `bakiye` VALUES (40, '10303768', 3100, '1', 3000);

-- ----------------------------
-- Table structure for calisma_durumu
-- ----------------------------
DROP TABLE IF EXISTS `calisma_durumu`;
CREATE TABLE `calisma_durumu`  (
  `id` int(11) NOT NULL AUTO_INCREMENT,
  `adi` varchar(255) CHARACTER SET utf8 COLLATE utf8_turkish_ci NULL DEFAULT NULL,
  PRIMARY KEY (`id`) USING BTREE
) ENGINE = InnoDB AUTO_INCREMENT = 6 CHARACTER SET = utf8 COLLATE = utf8_turkish_ci ROW_FORMAT = Compact;

-- ----------------------------
-- Records of calisma_durumu
-- ----------------------------
INSERT INTO `calisma_durumu` VALUES (1, 'calisan');
INSERT INTO `calisma_durumu` VALUES (2, 'ogrenci');
INSERT INTO `calisma_durumu` VALUES (3, 'emekli');
INSERT INTO `calisma_durumu` VALUES (4, 'calismiyor');
INSERT INTO `calisma_durumu` VALUES (5, 'diger');

-- ----------------------------
-- Table structure for doviz_tipi
-- ----------------------------
DROP TABLE IF EXISTS `doviz_tipi`;
CREATE TABLE `doviz_tipi`  (
  `id` int(11) NOT NULL AUTO_INCREMENT,
  `adi` varchar(255) CHARACTER SET utf8 COLLATE utf8_turkish_ci NULL DEFAULT NULL,
  `hesap_turu` varchar(255) CHARACTER SET utf8 COLLATE utf8_turkish_ci NULL DEFAULT NULL,
  PRIMARY KEY (`id`) USING BTREE
) ENGINE = InnoDB AUTO_INCREMENT = 5 CHARACTER SET = utf8 COLLATE = utf8_turkish_ci ROW_FORMAT = Compact;

-- ----------------------------
-- Records of doviz_tipi
-- ----------------------------
INSERT INTO `doviz_tipi` VALUES (1, 'TL', '5');
INSERT INTO `doviz_tipi` VALUES (2, 'DOLAR', '5');
INSERT INTO `doviz_tipi` VALUES (3, 'EURO', '5');
INSERT INTO `doviz_tipi` VALUES (4, 'STERLIN', '5');

-- ----------------------------
-- Table structure for hesap_detay
-- ----------------------------
DROP TABLE IF EXISTS `hesap_detay`;
CREATE TABLE `hesap_detay`  (
  `id` int(11) NOT NULL AUTO_INCREMENT,
  `hesapid` varchar(20) CHARACTER SET utf8 COLLATE utf8_turkish_ci NULL DEFAULT NULL,
  `bakiye` double(18, 2) NULL DEFAULT NULL,
  `islem_turu` varchar(255) CHARACTER SET utf8 COLLATE utf8_turkish_ci NULL DEFAULT NULL,
  `islem_tarih` datetime(0) NULL DEFAULT NULL,
  `doviz_tip` varchar(255) CHARACTER SET utf8 COLLATE utf8_turkish_ci NULL DEFAULT NULL,
  PRIMARY KEY (`id`) USING BTREE
) ENGINE = InnoDB AUTO_INCREMENT = 202 CHARACTER SET = utf8 COLLATE = utf8_turkish_ci ROW_FORMAT = Compact;

-- ----------------------------
-- Records of hesap_detay
-- ----------------------------
INSERT INTO `hesap_detay` VALUES (1, '10955478', 37969.00, '1', '2018-01-10 17:41:53', '2');
INSERT INTO `hesap_detay` VALUES (2, '10955478', 500.00, '1', '2018-01-10 17:45:54', '3');
INSERT INTO `hesap_detay` VALUES (3, '10955478', 111.00, '2', '2018-01-10 18:47:50', '2');
INSERT INTO `hesap_detay` VALUES (4, '1041198', 100.00, '2', '2018-01-10 19:24:01', '1');
INSERT INTO `hesap_detay` VALUES (5, '10955478', 100.00, '1', '2018-01-10 19:37:16', '2');
INSERT INTO `hesap_detay` VALUES (6, '1018559', 10.00, '1', '2018-01-10 19:40:03', '1');
INSERT INTO `hesap_detay` VALUES (7, '102073', 200.00, '1', '2018-01-11 10:57:38', '1');
INSERT INTO `hesap_detay` VALUES (8, '10955478', 500.00, '1', '2018-01-11 11:01:44', '4');
INSERT INTO `hesap_detay` VALUES (9, '10809718', 1000.00, '1', '2018-01-11 11:58:23', '1');
INSERT INTO `hesap_detay` VALUES (10, '10809718', 2000.00, '1', '2018-01-11 11:59:18', '1');
INSERT INTO `hesap_detay` VALUES (11, '10809718', 3000.00, '1', '2018-01-11 11:59:48', '1');
INSERT INTO `hesap_detay` VALUES (13, '10809718', 4000.00, '1', '2018-01-11 12:10:28', '1');
INSERT INTO `hesap_detay` VALUES (14, '10809718', 5000.00, '1', '2018-01-11 12:11:50', '1');
INSERT INTO `hesap_detay` VALUES (15, '10809718', 2000.00, '1', '2018-01-11 12:12:44', '1');
INSERT INTO `hesap_detay` VALUES (16, '10809718', 1000.00, '1', '2018-01-11 12:13:13', '1');
INSERT INTO `hesap_detay` VALUES (17, '10809718', 5000.00, '1', '2018-01-11 12:25:45', '1');
INSERT INTO `hesap_detay` VALUES (18, '10809718', 1000.00, '2', '2018-01-11 12:31:52', '1');
INSERT INTO `hesap_detay` VALUES (19, '10809718', 2000.00, '2', '2018-01-11 12:32:39', '1');
INSERT INTO `hesap_detay` VALUES (20, '10809718', 2000.00, '2', '2018-01-11 12:33:15', '1');
INSERT INTO `hesap_detay` VALUES (21, '10246653', 1000.00, '1', '2018-01-11 12:34:00', '1');
INSERT INTO `hesap_detay` VALUES (22, '10384085', 1000.00, '1', '2018-01-11 12:53:06', '1');
INSERT INTO `hesap_detay` VALUES (23, '10384085', 2000.00, '1', '2018-01-11 12:53:58', '1');
INSERT INTO `hesap_detay` VALUES (24, '10384085', 2000.00, '1', '2018-01-11 12:54:18', '1');
INSERT INTO `hesap_detay` VALUES (25, '10416636', 150.00, '1', '2018-01-11 12:55:58', '1');
INSERT INTO `hesap_detay` VALUES (26, '10384085', 100.00, '2', '2018-01-11 15:35:08', '1');
INSERT INTO `hesap_detay` VALUES (27, '10809718', 111.00, '1', '2018-01-11 15:52:25', '1');
INSERT INTO `hesap_detay` VALUES (28, '10416636', 111.00, '2', '2018-01-11 15:52:25', '1');
INSERT INTO `hesap_detay` VALUES (29, '10809718', 111.00, '2', '2018-01-11 15:53:47', '1');
INSERT INTO `hesap_detay` VALUES (30, '10416636', 111.00, '1', '2018-01-11 15:53:47', '1');
INSERT INTO `hesap_detay` VALUES (31, '10809718', 111.00, '2', '2018-01-11 15:54:17', '1');
INSERT INTO `hesap_detay` VALUES (32, '10416636', 111.00, '1', '2018-01-11 15:54:17', '1');
INSERT INTO `hesap_detay` VALUES (33, '10809718', 111.00, '2', '2018-01-11 15:55:15', '1');
INSERT INTO `hesap_detay` VALUES (34, '10416636', 111.00, '1', '2018-01-11 15:55:15', '1');
INSERT INTO `hesap_detay` VALUES (35, '10809718', 100.00, '2', '2018-01-11 16:00:03', '1');
INSERT INTO `hesap_detay` VALUES (36, '10416636', 100.00, '1', '2018-01-11 16:00:03', '1');
INSERT INTO `hesap_detay` VALUES (37, '10809718', 0.00, '2', '2018-01-11 16:00:11', '1');
INSERT INTO `hesap_detay` VALUES (38, '10416636', 0.00, '1', '2018-01-11 16:00:11', '1');
INSERT INTO `hesap_detay` VALUES (39, '10809718', 100.00, '2', '2018-01-11 16:02:13', '1');
INSERT INTO `hesap_detay` VALUES (40, '10416636', 100.00, '1', '2018-01-11 16:02:13', '1');
INSERT INTO `hesap_detay` VALUES (42, '10416636', 205.00, '1', '2018-01-11 17:14:17', '1');
INSERT INTO `hesap_detay` VALUES (44, '10416636', 100.00, '1', '2018-01-11 17:16:34', '1');
INSERT INTO `hesap_detay` VALUES (49, '10416636', 100.00, '1', '2018-01-11 19:31:47', '1');
INSERT INTO `hesap_detay` VALUES (51, '10416636', 100.00, '1', '2018-01-11 19:32:26', '1');
INSERT INTO `hesap_detay` VALUES (53, '10416636', 100.00, '1', '2018-01-11 19:39:28', '1');
INSERT INTO `hesap_detay` VALUES (55, '10384085', 1000.00, '1', '2018-01-12 10:49:22', '1');
INSERT INTO `hesap_detay` VALUES (57, '10384085', 111.00, '1', '2018-01-12 10:57:20', '1');
INSERT INTO `hesap_detay` VALUES (59, '10384085', 222.00, '1', '2018-01-12 11:00:03', '1');
INSERT INTO `hesap_detay` VALUES (61, '10384085', 111.00, '1', '2018-01-12 11:01:58', '1');
INSERT INTO `hesap_detay` VALUES (63, '10384085', 111.00, '1', '2018-01-12 11:03:25', '1');
INSERT INTO `hesap_detay` VALUES (65, '10246653', 0.00, '1', '2018-01-12 12:21:04', '3');
INSERT INTO `hesap_detay` VALUES (67, '10955478', 222.00, '1', '2018-01-12 12:24:20', '4');
INSERT INTO `hesap_detay` VALUES (69, '10955478', 2.00, '1', '2018-01-12 12:29:39', '1');
INSERT INTO `hesap_detay` VALUES (71, '10955478', 100.00, '1', '2018-01-12 12:30:33', '1');
INSERT INTO `hesap_detay` VALUES (73, '10955478', 22.00, '1', '2018-01-12 12:31:15', '1');
INSERT INTO `hesap_detay` VALUES (74, '10809718', 100.00, '2', '2018-01-12 12:32:49', '1');
INSERT INTO `hesap_detay` VALUES (75, '10955478', 100.00, '1', '2018-01-12 12:32:49', '1');
INSERT INTO `hesap_detay` VALUES (76, '10384085', 100.00, '2', '2018-01-12 12:33:35', '4');
INSERT INTO `hesap_detay` VALUES (77, '10955478', 100.00, '1', '2018-01-12 12:33:36', '4');
INSERT INTO `hesap_detay` VALUES (78, '10809718', 111.00, '2', '2018-01-12 12:54:46', '1');
INSERT INTO `hesap_detay` VALUES (79, '10809718', 111.00, '1', '2018-01-12 12:55:18', '1');
INSERT INTO `hesap_detay` VALUES (80, '10809718', 22.00, '2', '2018-01-12 13:13:35', '1');
INSERT INTO `hesap_detay` VALUES (81, '10522191', 22.00, '1', '2018-01-12 13:13:35', '1');
INSERT INTO `hesap_detay` VALUES (82, '1041198', 10.00, '2', '2018-01-12 13:28:29', '1');
INSERT INTO `hesap_detay` VALUES (83, '1018559', 10.00, '1', '2018-01-12 13:28:29', '1');
INSERT INTO `hesap_detay` VALUES (84, '10955478', 10.00, '2', '2018-01-12 13:31:27', '4');
INSERT INTO `hesap_detay` VALUES (85, '10384085', 10.00, '1', '2018-01-12 13:31:27', '4');
INSERT INTO `hesap_detay` VALUES (86, '1041198', 90.00, '2', '2018-01-12 13:38:35', '1');
INSERT INTO `hesap_detay` VALUES (87, '1018559', 90.00, '1', '2018-01-12 13:38:35', '1');
INSERT INTO `hesap_detay` VALUES (88, '1018559', 10.00, '2', '2018-01-12 13:40:45', '1');
INSERT INTO `hesap_detay` VALUES (89, '102073', 10.00, '1', '2018-01-12 13:40:45', '1');
INSERT INTO `hesap_detay` VALUES (90, '1041198', 100.00, '2', '2018-01-12 16:08:32', '1');
INSERT INTO `hesap_detay` VALUES (91, '1018559', 100.00, '1', '2018-01-12 16:08:33', '1');
INSERT INTO `hesap_detay` VALUES (92, '10809718', 111.00, '2', '2018-01-12 16:16:06', '1');
INSERT INTO `hesap_detay` VALUES (93, '10844496', 111.00, '1', '2018-01-12 16:16:07', '1');
INSERT INTO `hesap_detay` VALUES (94, '10844496', 1.00, '2', '2018-01-12 16:16:50', '1');
INSERT INTO `hesap_detay` VALUES (95, '1041198', 1.00, '1', '2018-01-12 16:16:50', '1');
INSERT INTO `hesap_detay` VALUES (96, '10844496', 2.00, '2', '2018-01-12 16:52:19', '');
INSERT INTO `hesap_detay` VALUES (97, '1028420', 2.00, '1', '2018-01-12 16:52:20', '1');
INSERT INTO `hesap_detay` VALUES (98, '10809718', 11.00, '2', '2018-01-12 17:40:12', '');
INSERT INTO `hesap_detay` VALUES (99, '10522191', 11.00, '1', '2018-01-12 17:40:12', '1');
INSERT INTO `hesap_detay` VALUES (100, '10809718', 555.00, '2', '2018-01-12 17:40:45', '');
INSERT INTO `hesap_detay` VALUES (101, '10522191', 555.00, '1', '2018-01-12 17:40:45', '1');
INSERT INTO `hesap_detay` VALUES (102, '1041198', 83.00, '2', '2018-01-17 13:52:04', '1');
INSERT INTO `hesap_detay` VALUES (103, '1041198', 21.00, '2', '2018-01-17 13:55:58', '1');
INSERT INTO `hesap_detay` VALUES (104, '1041198', 86.00, '2', '2018-01-17 13:59:18', '1');
INSERT INTO `hesap_detay` VALUES (105, '1041198', 80.00, '2', '2018-01-17 14:00:38', '1');
INSERT INTO `hesap_detay` VALUES (106, '11111', 80.00, '1', '2018-01-17 14:01:24', '1');
INSERT INTO `hesap_detay` VALUES (107, '1041198', 37.00, '2', '2018-01-17 14:03:29', '1');
INSERT INTO `hesap_detay` VALUES (108, '1041198', 28.00, '2', '2018-01-17 14:04:28', '1');
INSERT INTO `hesap_detay` VALUES (109, '1041198', 79.00, '2', '2018-01-17 14:04:36', '1');
INSERT INTO `hesap_detay` VALUES (110, '11111', 79.00, '1', '2018-01-17 14:04:36', '1');
INSERT INTO `hesap_detay` VALUES (111, '1041198', 83.00, '2', '2018-01-17 14:05:40', '1');
INSERT INTO `hesap_detay` VALUES (112, '11111', 83.00, '1', '2018-01-17 14:05:40', '1');
INSERT INTO `hesap_detay` VALUES (113, '1041198', 39.00, '2', '2018-01-17 14:08:56', '1');
INSERT INTO `hesap_detay` VALUES (114, '11111', 39.00, '1', '2018-01-17 14:08:56', '1');
INSERT INTO `hesap_detay` VALUES (115, '1041198', 67.00, '2', '2018-01-17 14:54:55', '1');
INSERT INTO `hesap_detay` VALUES (116, '11111', 67.00, '1', '2018-01-17 14:54:56', '1');
INSERT INTO `hesap_detay` VALUES (117, '10115468', 50.00, '2', '2018-01-17 17:38:32', '1');
INSERT INTO `hesap_detay` VALUES (118, '10115468', 20.00, '2', '2018-01-17 17:40:13', '1');
INSERT INTO `hesap_detay` VALUES (119, '10115468', 20.00, '2', '2018-01-17 17:40:16', '1');
INSERT INTO `hesap_detay` VALUES (120, '10115468', 20.00, '2', '2018-01-17 17:40:30', '1');
INSERT INTO `hesap_detay` VALUES (121, '10115468', 20.00, '2', '2018-01-17 17:44:17', '1');
INSERT INTO `hesap_detay` VALUES (122, '10115468', 5.00, '2', '2018-01-17 17:48:54', '1');
INSERT INTO `hesap_detay` VALUES (123, '10115468', 3.00, '2', '2018-01-17 17:49:32', '1');
INSERT INTO `hesap_detay` VALUES (124, '10115468', 2.00, '2', '2018-01-17 17:53:34', '1');
INSERT INTO `hesap_detay` VALUES (125, '10115468', 2.00, '2', '2018-01-17 17:53:43', '1');
INSERT INTO `hesap_detay` VALUES (126, '10115468', 3.00, '2', '2018-01-17 17:56:31', '1');
INSERT INTO `hesap_detay` VALUES (127, '10115468', 3.00, '2', '2018-01-17 17:56:34', '1');
INSERT INTO `hesap_detay` VALUES (128, '10115468', 1.00, '2', '2018-01-17 17:59:32', '1');
INSERT INTO `hesap_detay` VALUES (129, '1041198', 98.00, '2', '2018-01-17 18:54:58', '1');
INSERT INTO `hesap_detay` VALUES (130, '1041198', 1.00, '2', '2018-01-17 18:55:22', '1');
INSERT INTO `hesap_detay` VALUES (131, '1041198', 1.00, '2', '2018-01-17 18:55:44', '1');
INSERT INTO `hesap_detay` VALUES (132, '1041198', 10000.00, '1', '2018-01-17 19:16:35', '1');
INSERT INTO `hesap_detay` VALUES (133, '1041198', 5822.00, '2', '2018-01-17 19:19:22', '1');
INSERT INTO `hesap_detay` VALUES (134, '10955478', 100.00, '1', '2018-01-20 14:19:06', '2');
INSERT INTO `hesap_detay` VALUES (135, '10955478', 200.00, '1', '2018-01-20 14:22:30', '4');
INSERT INTO `hesap_detay` VALUES (136, '10955478', 1.00, '2', '2018-01-20 14:23:06', '4');
INSERT INTO `hesap_detay` VALUES (137, '10955478', 2.00, '2', '2018-01-20 14:23:17', '1');
INSERT INTO `hesap_detay` VALUES (138, '10955478', 10.00, '1', '2018-01-20 14:33:05', '2');
INSERT INTO `hesap_detay` VALUES (139, '10416636', 1.00, '2', '2018-01-20 14:34:12', '4');
INSERT INTO `hesap_detay` VALUES (140, '10955478', 2.00, '1', '2018-01-20 15:43:10', '1');
INSERT INTO `hesap_detay` VALUES (141, '1041198', 52.00, '2', '2018-01-20 16:39:15', '1');
INSERT INTO `hesap_detay` VALUES (142, '11111', 52.00, '1', '2018-01-20 16:39:15', '1');
INSERT INTO `hesap_detay` VALUES (143, '1041198', 55.00, '2', '2018-01-20 16:41:05', '1');
INSERT INTO `hesap_detay` VALUES (144, '11111', 55.00, '1', '2018-01-20 16:41:05', '1');
INSERT INTO `hesap_detay` VALUES (145, '1041198', 87.00, '2', '2018-01-20 16:42:24', '1');
INSERT INTO `hesap_detay` VALUES (146, '11111', 87.00, '1', '2018-01-20 16:42:24', '1');
INSERT INTO `hesap_detay` VALUES (147, '1041198', 96.00, '2', '2018-01-20 16:46:59', '1');
INSERT INTO `hesap_detay` VALUES (148, '11111', 96.00, '1', '2018-01-20 16:46:59', '1');
INSERT INTO `hesap_detay` VALUES (149, '10955478', 1.00, '1', '2018-01-20 16:54:35', '4');
INSERT INTO `hesap_detay` VALUES (150, '10955478', 4.00, '1', '2018-01-20 16:55:39', '3');
INSERT INTO `hesap_detay` VALUES (153, '10578297', 10.00, '1', '2018-01-20 17:04:20', '2');
INSERT INTO `hesap_detay` VALUES (155, '10578297', 1.00, '1', '2018-01-20 17:04:30', '1');
INSERT INTO `hesap_detay` VALUES (165, '10578297', 20.00, '1', '2018-01-20 17:55:47', '3');
INSERT INTO `hesap_detay` VALUES (166, '10578297', 20.00, '1', '2018-01-20 17:55:59', '3');
INSERT INTO `hesap_detay` VALUES (167, '10578297', 10.00, '1', '2018-01-20 17:56:46', '4');
INSERT INTO `hesap_detay` VALUES (168, '10578297', 10.00, '1', '2018-01-20 18:30:22', '1');
INSERT INTO `hesap_detay` VALUES (169, '10578297', 20.00, '1', '2018-01-20 18:34:57', '4');
INSERT INTO `hesap_detay` VALUES (170, '10578297', 30.00, '1', '2018-01-20 18:37:31', '4');
INSERT INTO `hesap_detay` VALUES (171, '10578297', 20.00, '2', '2018-01-20 18:48:21', '4');
INSERT INTO `hesap_detay` VALUES (172, '10732788', 200.00, '1', '2018-01-20 19:20:57', '1');
INSERT INTO `hesap_detay` VALUES (173, '10732788', 200.00, '2', '2018-01-20 19:21:21', '1');
INSERT INTO `hesap_detay` VALUES (174, '106795', 1.00, '1', '2018-01-21 03:28:55', '1');
INSERT INTO `hesap_detay` VALUES (175, '10384085', 1.00, '1', '2018-01-21 03:29:09', '4');
INSERT INTO `hesap_detay` VALUES (176, '1041198', 67.00, '2', '2018-01-21 12:34:18', '1');
INSERT INTO `hesap_detay` VALUES (177, '11111', 67.00, '1', '2018-01-21 12:34:18', '1');
INSERT INTO `hesap_detay` VALUES (178, '1041198', 86.00, '2', '2018-01-21 12:34:35', '1');
INSERT INTO `hesap_detay` VALUES (179, '11111', 86.00, '1', '2018-01-21 12:34:35', '1');
INSERT INTO `hesap_detay` VALUES (180, '10164778', 5000.00, '1', '2018-01-21 17:22:22', '1');
INSERT INTO `hesap_detay` VALUES (181, '10531693', 2000.00, '1', '2018-01-21 17:22:32', '1');
INSERT INTO `hesap_detay` VALUES (182, '10451643', 2000.00, '1', '2018-01-21 17:22:42', '3');
INSERT INTO `hesap_detay` VALUES (183, '10164778', 200.00, '2', '2018-01-21 17:28:51', '1');
INSERT INTO `hesap_detay` VALUES (184, '10531693', 1000.00, '2', '2018-01-21 17:29:13', '1');
INSERT INTO `hesap_detay` VALUES (185, '10451643', 100.00, '2', '2018-01-21 17:29:24', '3');
INSERT INTO `hesap_detay` VALUES (186, '10164778', 800.00, '2', '2018-01-21 18:34:03', '1');
INSERT INTO `hesap_detay` VALUES (187, '10487444', 800.00, '1', '2018-01-21 18:34:04', '1');
INSERT INTO `hesap_detay` VALUES (188, '10487444', 1.00, '2', '2018-01-21 18:50:39', '3');
INSERT INTO `hesap_detay` VALUES (189, '10303768', 1.00, '1', '2018-01-21 18:50:39', '1');
INSERT INTO `hesap_detay` VALUES (190, '10303768', 1.00, '2', '2018-01-21 18:50:59', '3');
INSERT INTO `hesap_detay` VALUES (191, '10487444', 1.00, '1', '2018-01-21 18:50:59', '1');
INSERT INTO `hesap_detay` VALUES (192, '10487444', 100.00, '2', '2018-01-21 18:53:28', '');
INSERT INTO `hesap_detay` VALUES (193, '10303768', 100.00, '1', '2018-01-21 18:53:30', '1');
INSERT INTO `hesap_detay` VALUES (194, '1041198', 92.00, '2', '2018-01-21 18:58:43', '1');
INSERT INTO `hesap_detay` VALUES (195, '11111', 92.00, '1', '2018-01-21 18:58:44', '1');
INSERT INTO `hesap_detay` VALUES (196, '1041198', 98.00, '2', '2018-01-21 19:00:12', '1');
INSERT INTO `hesap_detay` VALUES (197, '11111', 98.00, '1', '2018-01-21 19:00:12', '1');
INSERT INTO `hesap_detay` VALUES (198, '10487444', 300.00, '2', '2018-01-21 19:05:29', '1');
INSERT INTO `hesap_detay` VALUES (199, '10487444', 10000.00, '1', '2018-01-21 19:12:49', '1');
INSERT INTO `hesap_detay` VALUES (200, '10303768', 3000.00, '1', '2018-01-21 19:12:56', '1');
INSERT INTO `hesap_detay` VALUES (201, '10487444', 2097.00, '2', '2018-01-21 19:14:23', '1');

-- ----------------------------
-- Table structure for hesap_turu
-- ----------------------------
DROP TABLE IF EXISTS `hesap_turu`;
CREATE TABLE `hesap_turu`  (
  `id` int(11) NOT NULL AUTO_INCREMENT,
  `adi` varchar(255) CHARACTER SET utf8 COLLATE utf8_turkish_ci NULL DEFAULT NULL,
  PRIMARY KEY (`id`) USING BTREE
) ENGINE = InnoDB AUTO_INCREMENT = 6 CHARACTER SET = utf8 COLLATE = utf8_turkish_ci ROW_FORMAT = Compact;

-- ----------------------------
-- Records of hesap_turu
-- ----------------------------
INSERT INTO `hesap_turu` VALUES (1, 'Vadesiz Mevduat');
INSERT INTO `hesap_turu` VALUES (2, 'Vadeli Mevduat');
INSERT INTO `hesap_turu` VALUES (3, 'Kredi Kartı');
INSERT INTO `hesap_turu` VALUES (4, 'Kredi');
INSERT INTO `hesap_turu` VALUES (5, 'Doviz');

-- ----------------------------
-- Table structure for hesaplar
-- ----------------------------
DROP TABLE IF EXISTS `hesaplar`;
CREATE TABLE `hesaplar`  (
  `id` int(11) NOT NULL AUTO_INCREMENT,
  `hesap_turu` int(5) NULL DEFAULT NULL,
  `hesap_id` int(10) NULL DEFAULT NULL,
  `musteri_id` varchar(15) CHARACTER SET utf8 COLLATE utf8_turkish_ci NULL DEFAULT NULL,
  `gecerlilik_tarih` year NULL DEFAULT NULL,
  `faiz_oran` double(10, 3) NULL DEFAULT NULL,
  `maas` varchar(10) CHARACTER SET utf8 COLLATE utf8_turkish_ci NULL DEFAULT NULL,
  `iban` varchar(255) CHARACTER SET utf8 COLLATE utf8_turkish_ci NULL DEFAULT NULL,
  `doviz_tip` varchar(255) CHARACTER SET utf8 COLLATE utf8_turkish_ci NULL DEFAULT NULL,
  PRIMARY KEY (`id`) USING BTREE
) ENGINE = InnoDB AUTO_INCREMENT = 128 CHARACTER SET = utf8 COLLATE = utf8_turkish_ci ROW_FORMAT = Compact;

-- ----------------------------
-- Records of hesaplar
-- ----------------------------
INSERT INTO `hesaplar` VALUES (1, 1, 2222, '78985544', 2025, NULL, NULL, NULL, '1');
INSERT INTO `hesaplar` VALUES (2, 2, 3333, '78895887', 2026, NULL, NULL, NULL, '1');
INSERT INTO `hesaplar` VALUES (3, 1, 1041198, '78985544', 2023, NULL, NULL, NULL, '1');
INSERT INTO `hesaplar` VALUES (4, 1, 1028420, '78895887', 2023, NULL, NULL, NULL, '1');
INSERT INTO `hesaplar` VALUES (5, 2, 1018559, '78985544', 2023, 4.000, NULL, NULL, '1');
INSERT INTO `hesaplar` VALUES (6, 2, 102073, '78985544', 2030, 5.000, NULL, NULL, '1');
INSERT INTO `hesaplar` VALUES (7, 1, 1030855, '78985544', 2023, NULL, '5000', NULL, '1');
INSERT INTO `hesaplar` VALUES (8, 1, 1040074, '10180106', 2023, NULL, '10000', NULL, '1');
INSERT INTO `hesaplar` VALUES (9, 2, 1092325, '78985544', 2030, 7.000, '8000', NULL, '1');
INSERT INTO `hesaplar` VALUES (10, 1, 10106, '78985544', 2023, NULL, '5000', NULL, '1');
INSERT INTO `hesaplar` VALUES (11, 1, 1055528, '78895887', 2023, NULL, '0', NULL, '1');
INSERT INTO `hesaplar` VALUES (12, 2, 1071015, '78895887', 2019, 1.000, '0', NULL, '1');
INSERT INTO `hesaplar` VALUES (13, 1, 1049127, '20270100', 2023, NULL, '0', NULL, '1');
INSERT INTO `hesaplar` VALUES (14, 2, 1079111, '20270100', 2024, 8.000, '0', NULL, '1');
INSERT INTO `hesaplar` VALUES (15, 1, 34343434, '20270100', 2019, 2.000, NULL, NULL, '1');
INSERT INTO `hesaplar` VALUES (16, 1, 34343434, '20270100', 2019, 2.000, NULL, NULL, '1');
INSERT INTO `hesaplar` VALUES (17, 1, 34343434, NULL, 2019, 2.000, NULL, NULL, '1');
INSERT INTO `hesaplar` VALUES (18, 1, 34343434, '0', 2019, 2.000, NULL, NULL, '1');
INSERT INTO `hesaplar` VALUES (19, 1, 34343434, '8765432', 2019, 2.000, NULL, NULL, '1');
INSERT INTO `hesaplar` VALUES (20, 1, 34343434, '10180106', 2019, 2.000, NULL, NULL, '1');
INSERT INTO `hesaplar` VALUES (21, 1, 34343434, '10180106', 2019, 2.000, '44444', NULL, '1');
INSERT INTO `hesaplar` VALUES (22, 1, 1083146, NULL, 2023, NULL, NULL, NULL, '1');
INSERT INTO `hesaplar` VALUES (23, 1, 1049176, '10180106', 2023, NULL, '44444', NULL, '1');
INSERT INTO `hesaplar` VALUES (24, 2, 106795, '78985544', 2050, 55.000, '10000', NULL, '1');
INSERT INTO `hesaplar` VALUES (25, 1, 10416859, '78985544', 2023, NULL, '10000', 'TR841739818077518144746738', '1');
INSERT INTO `hesaplar` VALUES (26, 2, 10334076, '78985544', 2050, 4.000, '10000', 'TR967245008549737629519812', '1');
INSERT INTO `hesaplar` VALUES (27, 3, 10889936, '78985544', 2023, NULL, '10000', 'TR537858757073369531061446', '1');
INSERT INTO `hesaplar` VALUES (28, 4, 10227742, '78985544', NULL, 2.000, '10000', 'TR794956568391233593525504', '1');
INSERT INTO `hesaplar` VALUES (29, 4, 10526215, '78985544', NULL, 1.000, '10000', 'TR405032748558833237111328', '1');
INSERT INTO `hesaplar` VALUES (30, 4, 10849295, '78985544', NULL, 2.300, '10000', 'TR856029315083421541123928', '1');
INSERT INTO `hesaplar` VALUES (31, 4, 1011533, '78985544', NULL, 1.300, '10000', 'TR829986478038839813516468', '1');
INSERT INTO `hesaplar` VALUES (32, 3, 10972250, '78895887', 2023, NULL, '0', 'TR570773535660647853421645', '1');
INSERT INTO `hesaplar` VALUES (33, 3, 10508779, '78895887', 2023, NULL, NULL, 'TR685148662887430843966889', '1');
INSERT INTO `hesaplar` VALUES (34, 3, 212121212, '21212', 0000, NULL, NULL, '1212121212121', '1');
INSERT INTO `hesaplar` VALUES (35, 3, 212121212, '21212', 0000, NULL, '0', '1212121212121', '1');
INSERT INTO `hesaplar` VALUES (36, 3, 212121212, '21212', 0000, NULL, '30000', '1212121212121', '1');
INSERT INTO `hesaplar` VALUES (37, 3, 212121212, '21212', 0000, NULL, '3222', '1212121212121', '1');
INSERT INTO `hesaplar` VALUES (38, 3, 212121212, '21212', 0000, NULL, '3222', '1212121212121', '1');
INSERT INTO `hesaplar` VALUES (39, 3, 10919574, '78895887', 2023, NULL, NULL, 'TR121542268734345328824878', '1');
INSERT INTO `hesaplar` VALUES (40, 3, 10626898, '78895887', 2023, NULL, NULL, 'TR703424055333819495521882', '1');
INSERT INTO `hesaplar` VALUES (41, 1, 1071948, '2147483647', 2023, NULL, '323232323', 'TR357789551031184757946363', '1');
INSERT INTO `hesaplar` VALUES (42, 1, 10222360, '101801090600', 2023, NULL, '3333', 'TR400919932860154665873260', '1');
INSERT INTO `hesaplar` VALUES (43, 4, 10413532, '78985544', NULL, 1.200, '10000', 'TR106697303961919640966600', '1');
INSERT INTO `hesaplar` VALUES (44, 3, 10609030, '101801090529', 2023, NULL, '15000', 'TR726213571321841711105865', '1');
INSERT INTO `hesaplar` VALUES (45, 1, 10461153, '101801090529', 2023, NULL, '15000', 'TR234856202805377099362299', '1');
INSERT INTO `hesaplar` VALUES (46, 4, 10116299, '101801090529', NULL, 2.000, '15000', 'TR278640048819175032886079', '1');
INSERT INTO `hesaplar` VALUES (47, 4, 10274773, '101801090529', NULL, 2.000, '15000', 'TR815490022526197393249255', '1');
INSERT INTO `hesaplar` VALUES (48, 4, 10501797, '78985544', NULL, 5.000, '10000', 'TR257832852919451222559629', '1');
INSERT INTO `hesaplar` VALUES (49, 1, 111111, '2222222', 0000, NULL, NULL, '111', '1');
INSERT INTO `hesaplar` VALUES (50, 1, 11, '1111', 2001, 1.000, NULL, '111', '1');
INSERT INTO `hesaplar` VALUES (51, 3, 1087544, '20270100', 2023, NULL, '3333', 'TR663323961590457626989752', '1');
INSERT INTO `hesaplar` VALUES (52, 4, 10601822, '101801090529', NULL, 1.800, '15000', 'TR499166634352224615251866', '1');
INSERT INTO `hesaplar` VALUES (53, 1, 10798566, '78985544', 2023, NULL, '10000', 'TR716691939740171485355660', '1');
INSERT INTO `hesaplar` VALUES (54, 1, 10664563, '78985544', 2023, NULL, '10000', 'TR713162986161285890443243', '1');
INSERT INTO `hesaplar` VALUES (55, 2, 10772855, '78985544', 2011, 1.000, '10000', 'TR572546533763208672567723', '1');
INSERT INTO `hesaplar` VALUES (56, 1, 10583549, '78895887', 2023, NULL, NULL, 'TR853615206342453230431917', '1');
INSERT INTO `hesaplar` VALUES (57, 2, 10522191, '78895887', 2002, 1.000, NULL, 'TR125049165640457124308470', '1');
INSERT INTO `hesaplar` VALUES (58, 0, 10672711, '78895887', 2023, NULL, NULL, 'TR583360252605578135269492', '2');
INSERT INTO `hesaplar` VALUES (59, 5, 10126432, '10180106', 2023, NULL, '44444', 'TR246947505013552064827381', '4');
INSERT INTO `hesaplar` VALUES (60, 5, 10955478, '78985544', 2023, NULL, '10000', 'TR583273662145199724472145', '4');
INSERT INTO `hesaplar` VALUES (63, 1, 10844496, '78895887', 2023, NULL, NULL, 'TR109761676860825199033407', '1');
INSERT INTO `hesaplar` VALUES (64, 2, 10809718, '78895887', 2025, 2.000, NULL, 'TR382847031867434342016034', '1');
INSERT INTO `hesaplar` VALUES (65, 5, 10246653, '78895887', 2023, NULL, NULL, 'TR382730423138729215811560', '3');
INSERT INTO `hesaplar` VALUES (73, 5, 10384085, '78895887', 2023, NULL, NULL, 'TR249751257201599533005499', '4');
INSERT INTO `hesaplar` VALUES (74, 5, 10416636, '78895887', 2023, NULL, NULL, 'TR943240995859387429526245', '1');
INSERT INTO `hesaplar` VALUES (75, 1, 11111, '111', NULL, NULL, NULL, '', '1');
INSERT INTO `hesaplar` VALUES (76, 1, 22222, '112', NULL, NULL, NULL, NULL, '1');
INSERT INTO `hesaplar` VALUES (77, 1, 33333, '211', NULL, NULL, NULL, NULL, '1');
INSERT INTO `hesaplar` VALUES (78, 1, 44444, '212', NULL, NULL, NULL, '', '1');
INSERT INTO `hesaplar` VALUES (79, 1, 55555, '311', NULL, NULL, NULL, NULL, '1');
INSERT INTO `hesaplar` VALUES (80, 1, 66666, '411', NULL, NULL, NULL, NULL, '1');
INSERT INTO `hesaplar` VALUES (81, 1, 77777, '412', NULL, NULL, NULL, NULL, '1');
INSERT INTO `hesaplar` VALUES (82, 1, 88888, '413', NULL, NULL, NULL, NULL, '1');
INSERT INTO `hesaplar` VALUES (83, 4, 10123160, '78985544', NULL, 1.200, '10000', 'TR934765478936928689132718', '1');
INSERT INTO `hesaplar` VALUES (84, 4, 10438917, '78985544', NULL, 1.600, '10000', 'TR933626669126580059539945', '1');
INSERT INTO `hesaplar` VALUES (85, 3, 10166046, '10180106', 2023, NULL, '44444', 'TR435585357119269788016570', '1');
INSERT INTO `hesaplar` VALUES (86, 1, 10115468, '101801170504', 2023, NULL, '20000', 'TR724781949624935075334183', '1');
INSERT INTO `hesaplar` VALUES (87, 3, 10853956, '101801170504', 2023, NULL, '20000', 'TR476777596859228858547194', '1');
INSERT INTO `hesaplar` VALUES (88, 3, 10674042, '101801180120', 2023, NULL, '20000', 'TR624586409105694420518070', '1');
INSERT INTO `hesaplar` VALUES (89, 3, 10468080, '101801191224', 2023, NULL, '0', 'TR985872035292894965782608', '1');
INSERT INTO `hesaplar` VALUES (90, 4, 10233419, '101801191224', NULL, 1.500, '2000', 'TR824049205610795981745118', '1');
INSERT INTO `hesaplar` VALUES (91, 4, 10749355, '101801191224', NULL, 1.200, '2000', 'TR128912292219163954363460', '1');
INSERT INTO `hesaplar` VALUES (92, 4, 10446156, '101801191224', NULL, 1.600, '2000', 'TR114885025060123830864200', '1');
INSERT INTO `hesaplar` VALUES (93, 1, 10732788, '101801200457', 2023, NULL, '3000', 'TR720338869139580746067581', '1');
INSERT INTO `hesaplar` VALUES (94, 2, 10955270, '101801200457', 2020, 5.000, '3000', 'TR657640334908136012186931', '1');
INSERT INTO `hesaplar` VALUES (95, 5, 10587741, '101801200457', 2023, NULL, '3000', 'TR925590694316374644174500', '2');
INSERT INTO `hesaplar` VALUES (96, 1, 10587741, '101801200457', 2023, NULL, '3000', 'TR925590694316374644174500', '1');
INSERT INTO `hesaplar` VALUES (97, 5, 10578297, '101801200457', 2023, NULL, '3000', 'TR918961286868287199505478', '4');
INSERT INTO `hesaplar` VALUES (98, 1, 1082562, '101801200513', 2023, NULL, '2000', 'TR752962337700214825292110', '1');
INSERT INTO `hesaplar` VALUES (99, 2, 10410039, '101801200513', 2020, 2.000, '2000', 'TR317617422198375573769833', '1');
INSERT INTO `hesaplar` VALUES (100, 5, 10744695, '101801200513', 2023, NULL, '2000', 'TR812953157829902788999392', '4');
INSERT INTO `hesaplar` VALUES (101, 1, 10744695, '101801200513', 2023, NULL, '2000', 'TR812953157829902788999392', '1');
INSERT INTO `hesaplar` VALUES (102, 5, 1031501, '101801200513', 2023, NULL, '2000', 'TR459020612444452118363391', '3');
INSERT INTO `hesaplar` VALUES (103, 5, 10758265, '101801200513', 2023, NULL, '2000', 'TR659091186053960030152689', '2');
INSERT INTO `hesaplar` VALUES (104, 2, 10894199, '101801200513', 2019, 1.500, '2000', 'TR223832527263870673966664', '1');
INSERT INTO `hesaplar` VALUES (105, 5, 10703058, '101801200513', 2023, NULL, '2000', 'TR933841221507481435011601', '4');
INSERT INTO `hesaplar` VALUES (106, 3, 1016809, '101801200513', 2023, NULL, '2000', 'TR589091165152671920691380', '1');
INSERT INTO `hesaplar` VALUES (107, 3, 10213641, '101801200457', 2023, NULL, '3000', 'TR882273394998436891182428', '1');
INSERT INTO `hesaplar` VALUES (108, 4, 10414271, '101801200457', NULL, 2.000, '3000', 'TR223079809168681455828604', '1');
INSERT INTO `hesaplar` VALUES (109, 1, 10915899, '101801210109', 2023, NULL, '1111', 'TR411514049643436125832550', '1');
INSERT INTO `hesaplar` VALUES (110, 2, 10902117, '101801210109', 2019, 1.200, '1111', 'TR536220664223234915861297', '1');
INSERT INTO `hesaplar` VALUES (111, 5, 1073527, '101801210109', 2023, NULL, '1111', 'TR410522851952232515818905', '3');
INSERT INTO `hesaplar` VALUES (112, 3, 10110764, '101801210109', 2023, NULL, '1111', 'TR527581981441944143344158', '1');
INSERT INTO `hesaplar` VALUES (113, 4, 1085447, '101801210109', NULL, 1.600, '1111', 'TR371249154418183435825638', '1');
INSERT INTO `hesaplar` VALUES (114, 1, 10487444, '101801210447', 2023, NULL, '5000', 'TR288329557036890829163872', '1');
INSERT INTO `hesaplar` VALUES (115, 2, 10193870, '101801210447', 2032, 5.000, '5000', 'TR191495511664334521434185', '1');
INSERT INTO `hesaplar` VALUES (116, 5, 10133398, '101801210447', 2023, NULL, '5000', 'TR911238834222939295827923', '3');
INSERT INTO `hesaplar` VALUES (117, 3, 10788294, '101801210447', 2023, NULL, '5000', 'TR622575325434569757332279', '1');
INSERT INTO `hesaplar` VALUES (118, 1, 10164778, '101801210440', 2023, NULL, '5000', 'TR954772572788975961374355', '1');
INSERT INTO `hesaplar` VALUES (119, 2, 10531693, '101801210440', 2030, 10.000, '5000', 'TR704313328365429625016205', '1');
INSERT INTO `hesaplar` VALUES (120, 5, 10451643, '101801210440', 2023, NULL, '5000', 'TR780854201244207815157521', '3');
INSERT INTO `hesaplar` VALUES (121, 3, 10409595, '101801210440', 2023, NULL, '5000', 'TR224799624236793150926258', '1');
INSERT INTO `hesaplar` VALUES (122, 4, 10178660, '101801210440', NULL, 5.000, '5000', 'TR781615502657916118526776', '1');
INSERT INTO `hesaplar` VALUES (123, 1, 10303768, '101801210447', 2023, NULL, '5000', 'TR931319558890125637155553', '1');
INSERT INTO `hesaplar` VALUES (124, 4, 10408548, '101801210447', NULL, 8.500, '5000', 'TR837540875130695291662895', '1');
INSERT INTO `hesaplar` VALUES (125, 4, 10407683, '101801210440', NULL, 1.500, '5000', 'TR538260132694222138455357', '1');
INSERT INTO `hesaplar` VALUES (126, 4, 10321029, '101801210440', NULL, 1.500, '5000', 'TR255368792142590949712359', '1');
INSERT INTO `hesaplar` VALUES (127, 4, 10293964, '101801210447', NULL, 4.500, '5000', 'TR570655062260896277926358', '1');

-- ----------------------------
-- Table structure for islem_turu
-- ----------------------------
DROP TABLE IF EXISTS `islem_turu`;
CREATE TABLE `islem_turu`  (
  `id` int(11) NOT NULL AUTO_INCREMENT,
  `adi` varchar(255) CHARACTER SET utf8 COLLATE utf8_turkish_ci NULL DEFAULT NULL,
  PRIMARY KEY (`id`) USING BTREE
) ENGINE = InnoDB AUTO_INCREMENT = 3 CHARACTER SET = utf8 COLLATE = utf8_turkish_ci ROW_FORMAT = Compact;

-- ----------------------------
-- Records of islem_turu
-- ----------------------------
INSERT INTO `islem_turu` VALUES (1, 'Para Yatırma');
INSERT INTO `islem_turu` VALUES (2, 'Para Çekme');

-- ----------------------------
-- Table structure for kredi
-- ----------------------------
DROP TABLE IF EXISTS `kredi`;
CREATE TABLE `kredi`  (
  `id` int(11) NOT NULL AUTO_INCREMENT,
  `hesap_tur` varchar(15) CHARACTER SET utf8 COLLATE utf8_turkish_ci NULL DEFAULT NULL,
  `hesapid` varchar(15) CHARACTER SET utf8 COLLATE utf8_turkish_ci NULL DEFAULT NULL,
  `kredi_miktar` int(11) NULL DEFAULT NULL,
  `taksit_sayisi` int(5) NULL DEFAULT NULL,
  `faiz_oran` double(10, 3) NULL DEFAULT NULL,
  `g_tutar` int(11) NULL DEFAULT NULL,
  `taksit_tutar` int(11) NULL DEFAULT NULL,
  `b_tarih` varchar(255) CHARACTER SET utf8 COLLATE utf8_turkish_ci NULL DEFAULT NULL,
  `islem_tarih` datetime(0) NULL DEFAULT NULL,
  `durum` varchar(255) CHARACTER SET utf8 COLLATE utf8_turkish_ci NULL DEFAULT NULL,
  PRIMARY KEY (`id`) USING BTREE
) ENGINE = InnoDB AUTO_INCREMENT = 21 CHARACTER SET = utf8 COLLATE = utf8_turkish_ci ROW_FORMAT = Compact;

-- ----------------------------
-- Records of kredi
-- ----------------------------
INSERT INTO `kredi` VALUES (1, '4', '10227742', 10000, 18, 1.000, 10450, 580, '16', '2018-01-09 16:18:50', '1');
INSERT INTO `kredi` VALUES (2, '4', '10526215', 5000, 6, 1.000, 5060, 843, '12', '2018-01-09 16:25:38', '1');
INSERT INTO `kredi` VALUES (3, '4', '10849295', 1000, 6, 2.300, 1023, 170, '18', '2018-01-09 16:27:48', '1');
INSERT INTO `kredi` VALUES (4, '4', '1011533', 10000, 12, 1.300, 10260, 855, '', '2018-01-09 16:32:39', '1');
INSERT INTO `kredi` VALUES (6, '4', '10274773', 2222, 6, 2.000, 2266, 377, '14', '2018-01-10 11:26:28', '1');
INSERT INTO `kredi` VALUES (7, '4', '10501797', 22222, 12, 5.000, 24444, 2037, '15', '2018-01-10 11:28:14', '1');
INSERT INTO `kredi` VALUES (8, '4', '10601822', 10000, 6, 1.800, 10180, 1696, '10', '2018-01-10 13:23:58', '1');
INSERT INTO `kredi` VALUES (9, '4', '10123160', 10000, 12, 1.200, 10240, 853, '15', '2018-01-17 15:08:21', '1');
INSERT INTO `kredi` VALUES (10, '4', '10438917', 100000, 18, 1.600, 104800, 5822, '14', '2018-01-17 15:52:12', '1');
INSERT INTO `kredi` VALUES (13, '4', '10446156', 10000, 12, 1.600, 10320, 860, '10', '2018-01-19 13:08:01', '1');
INSERT INTO `kredi` VALUES (14, '4', '10414271', 2000, 12, 2.000, 2080, 173, '12', '2018-01-20 19:18:08', '1');
INSERT INTO `kredi` VALUES (15, '4', '1085447', 2000, 18, 1.600, 2096, 116, '14', '2018-01-21 13:18:54', '1');
INSERT INTO `kredi` VALUES (16, '4', '10178660', 5000, 12, 5.000, 5500, 458, '15', '2018-01-21 16:59:18', '1');
INSERT INTO `kredi` VALUES (17, '4', '10408548', 50000, 36, 8.500, 75500, 2097, '15', '2018-01-21 19:10:43', '1');
INSERT INTO `kredi` VALUES (18, '4', '10407683', 5000, 12, 1.500, 5150, 429, '12', '2018-01-22 12:46:39', '1');
INSERT INTO `kredi` VALUES (19, '4', '10321029', 1000, 12, 1.500, 1030, 85, '1', '2018-01-22 12:48:24', '1');
INSERT INTO `kredi` VALUES (20, '4', '10293964', 20000, 12, 4.500, 21800, 1816, '1', '2018-01-22 12:52:22', '1');

-- ----------------------------
-- Table structure for kredi_karti
-- ----------------------------
DROP TABLE IF EXISTS `kredi_karti`;
CREATE TABLE `kredi_karti`  (
  `id` int(11) NOT NULL AUTO_INCREMENT,
  `hesap_tur` varchar(10) CHARACTER SET utf8 COLLATE utf8_turkish_ci NULL DEFAULT NULL,
  `hesapid` varchar(15) CHARACTER SET utf8 COLLATE utf8_turkish_ci NULL DEFAULT NULL,
  `limit` int(11) NULL DEFAULT NULL,
  `ekstre_tarih` varchar(255) CHARACTER SET utf8 COLLATE utf8_turkish_ci NULL DEFAULT NULL,
  `islem_tarih` datetime(0) NULL DEFAULT NULL,
  `durum` varchar(255) CHARACTER SET utf8 COLLATE utf8_turkish_ci NULL DEFAULT NULL,
  PRIMARY KEY (`id`) USING BTREE
) ENGINE = InnoDB AUTO_INCREMENT = 15 CHARACTER SET = utf8 COLLATE = utf8_turkish_ci ROW_FORMAT = Compact;

-- ----------------------------
-- Records of kredi_karti
-- ----------------------------
INSERT INTO `kredi_karti` VALUES (1, '3', '10889936', 20000, '15', '2018-01-09 13:17:55', '1');
INSERT INTO `kredi_karti` VALUES (2, '3', '10919574', 1000, '12', '2018-01-09 16:59:50', '1');
INSERT INTO `kredi_karti` VALUES (3, '3', '10626898', 2000, '7', '2018-01-09 17:02:56', '1');
INSERT INTO `kredi_karti` VALUES (4, '3', '10609030', 22222, '12', '2018-01-10 11:11:32', '1');
INSERT INTO `kredi_karti` VALUES (5, '3', '1087544', 2222, '111', '2018-01-10 13:22:41', '1');
INSERT INTO `kredi_karti` VALUES (6, '3', '10166046', 40000, '15', '2018-01-17 16:04:41', '1');
INSERT INTO `kredi_karti` VALUES (7, '3', '10853956', 3000, '10', '2018-01-17 17:05:50', '3');
INSERT INTO `kredi_karti` VALUES (8, '3', '10674042', 5000, '16', '2018-01-18 13:21:43', '1');
INSERT INTO `kredi_karti` VALUES (9, '3', '10468080', 2000, '27', '2018-01-19 12:52:19', '1');
INSERT INTO `kredi_karti` VALUES (10, '3', '1016809', 5000, '12', '2018-01-20 17:37:41', '1');
INSERT INTO `kredi_karti` VALUES (11, '3', '10213641', 20000, '10', '2018-01-20 17:45:35', '3');
INSERT INTO `kredi_karti` VALUES (12, '3', '10110764', 20300, '14', '2018-01-21 13:18:19', '1');
INSERT INTO `kredi_karti` VALUES (13, '3', '10788294', 4000, '15', '2018-01-21 16:53:03', '1');
INSERT INTO `kredi_karti` VALUES (14, '3', '10409595', 4000, '15', '2018-01-21 16:58:39', '1');

-- ----------------------------
-- Table structure for kredi_karti_odeme
-- ----------------------------
DROP TABLE IF EXISTS `kredi_karti_odeme`;
CREATE TABLE `kredi_karti_odeme`  (
  `id` int(11) NOT NULL AUTO_INCREMENT,
  `hesapid` varchar(15) CHARACTER SET utf8 COLLATE utf8_turkish_ci NULL DEFAULT NULL,
  `borc` int(11) NULL DEFAULT NULL,
  `islem_tarih` datetime(0) NULL DEFAULT NULL,
  PRIMARY KEY (`id`) USING BTREE
) ENGINE = InnoDB AUTO_INCREMENT = 10 CHARACTER SET = utf8 COLLATE = utf8_turkish_ci ROW_FORMAT = Compact;

-- ----------------------------
-- Records of kredi_karti_odeme
-- ----------------------------
INSERT INTO `kredi_karti_odeme` VALUES (1, '10166046', 0, '2018-01-17 16:04:41');
INSERT INTO `kredi_karti_odeme` VALUES (2, '10853956', 0, '2018-01-17 17:05:50');
INSERT INTO `kredi_karti_odeme` VALUES (3, '10674042', 0, '2018-01-18 13:21:43');
INSERT INTO `kredi_karti_odeme` VALUES (4, '10468080', 0, '2018-01-19 12:52:19');
INSERT INTO `kredi_karti_odeme` VALUES (5, '1016809', 0, '2018-01-20 17:37:41');
INSERT INTO `kredi_karti_odeme` VALUES (6, '10213641', 0, '2018-01-20 17:45:35');
INSERT INTO `kredi_karti_odeme` VALUES (7, '10110764', 0, '2018-01-21 13:18:19');
INSERT INTO `kredi_karti_odeme` VALUES (8, '10788294', 0, '2018-01-21 16:53:03');
INSERT INTO `kredi_karti_odeme` VALUES (9, '10409595', 0, '2018-01-21 16:58:39');

-- ----------------------------
-- Table structure for kredi_odeme
-- ----------------------------
DROP TABLE IF EXISTS `kredi_odeme`;
CREATE TABLE `kredi_odeme`  (
  `id` int(11) NOT NULL AUTO_INCREMENT,
  `hesapid` varchar(25) CHARACTER SET utf8 COLLATE utf8_turkish_ci NULL DEFAULT NULL,
  `toplam_borc` int(11) NULL DEFAULT NULL,
  `taksit_tutar` int(11) NULL DEFAULT NULL,
  `islem_tarih` datetime(0) NULL DEFAULT NULL,
  `taksit_sayi` int(11) NULL DEFAULT NULL,
  PRIMARY KEY (`id`) USING BTREE
) ENGINE = InnoDB AUTO_INCREMENT = 11 CHARACTER SET = utf8 COLLATE = utf8_turkish_ci ROW_FORMAT = Compact;

-- ----------------------------
-- Records of kredi_odeme
-- ----------------------------
INSERT INTO `kredi_odeme` VALUES (1, '10334076', 1000, 250, '2018-01-17 15:46:05', 10);
INSERT INTO `kredi_odeme` VALUES (2, '10438917', 75590, 5822, '2018-01-17 15:52:12', 10);
INSERT INTO `kredi_odeme` VALUES (3, '10446156', 10320, 860, '2018-01-19 13:08:01', 12);
INSERT INTO `kredi_odeme` VALUES (4, '10414271', 1907, 173, '2018-01-20 19:18:08', 11);
INSERT INTO `kredi_odeme` VALUES (5, '1085447', 2096, 116, '2018-01-21 13:18:54', 18);
INSERT INTO `kredi_odeme` VALUES (6, '10178660', 5500, 458, '2018-01-21 16:59:18', 12);
INSERT INTO `kredi_odeme` VALUES (7, '10408548', 69209, 2097, '2018-01-21 19:10:43', 33);
INSERT INTO `kredi_odeme` VALUES (8, '10407683', 5150, 429, '2018-01-22 12:46:39', 12);
INSERT INTO `kredi_odeme` VALUES (9, '10321029', 1030, 85, '2018-01-22 12:48:24', 12);
INSERT INTO `kredi_odeme` VALUES (10, '10293964', 21800, 1816, '2018-01-22 12:52:22', 12);

-- ----------------------------
-- Table structure for kurumlar
-- ----------------------------
DROP TABLE IF EXISTS `kurumlar`;
CREATE TABLE `kurumlar`  (
  `id` int(11) NOT NULL AUTO_INCREMENT,
  `kurum_id` varchar(11) CHARACTER SET utf8 COLLATE utf8_turkish_ci NULL DEFAULT NULL,
  `kurum_ad` varchar(11) CHARACTER SET utf8 COLLATE utf8_turkish_ci NULL DEFAULT NULL,
  `kurum_tur` varchar(255) CHARACTER SET utf8 COLLATE utf8_turkish_ci NULL DEFAULT NULL,
  PRIMARY KEY (`id`) USING BTREE
) ENGINE = InnoDB AUTO_INCREMENT = 9 CHARACTER SET = utf8 COLLATE = utf8_turkish_ci ROW_FORMAT = Compact;

-- ----------------------------
-- Records of kurumlar
-- ----------------------------
INSERT INTO `kurumlar` VALUES (1, '111', 'Ayedaş', 'elk');
INSERT INTO `kurumlar` VALUES (2, '112', 'Enerjisa', 'elk');
INSERT INTO `kurumlar` VALUES (3, '211', 'İski', 'su');
INSERT INTO `kurumlar` VALUES (4, '212', 'Aski', 'su');
INSERT INTO `kurumlar` VALUES (5, '311', 'Aksa', 'dgz');
INSERT INTO `kurumlar` VALUES (6, '411', 'Turkcell', 'tlf');
INSERT INTO `kurumlar` VALUES (7, '412', 'Telekom', 'tlf');
INSERT INTO `kurumlar` VALUES (8, '413', 'Vodafone', 'tlf');

-- ----------------------------
-- Table structure for login
-- ----------------------------
DROP TABLE IF EXISTS `login`;
CREATE TABLE `login`  (
  `kid` int(11) NOT NULL AUTO_INCREMENT,
  `kadi` varchar(255) CHARACTER SET utf8 COLLATE utf8_turkish_ci NULL DEFAULT NULL,
  `ksifre` varchar(255) CHARACTER SET utf8 COLLATE utf8_turkish_ci NULL DEFAULT NULL,
  `rol` varchar(255) CHARACTER SET utf8 COLLATE utf8_turkish_ci NULL DEFAULT NULL,
  `sube_adi` varchar(255) CHARACTER SET utf8 COLLATE utf8_turkish_ci NULL DEFAULT NULL,
  PRIMARY KEY (`kid`) USING BTREE
) ENGINE = InnoDB AUTO_INCREMENT = 32 CHARACTER SET = utf8 COLLATE = utf8_turkish_ci ROW_FORMAT = Compact;

-- ----------------------------
-- Records of login
-- ----------------------------
INSERT INTO `login` VALUES (10, 'ismail', '333', 'vzn', NULL);
INSERT INTO `login` VALUES (16, 'Ramazan', '1', 'mdr', NULL);
INSERT INTO `login` VALUES (18, 'Fatih', '1', 'drktr', 'Beşiktaş');
INSERT INTO `login` VALUES (19, 'Buluş', '1', 'mdr', '0');
INSERT INTO `login` VALUES (20, 'Melek', '1', 'mdr', 'Gaziantep Sube');
INSERT INTO `login` VALUES (21, 'Hayri', '1', 'vzn', 'Gaziantep Sube');
INSERT INTO `login` VALUES (27, 'Samet', '1', 'vzn', 'Kadıköy');
INSERT INTO `login` VALUES (28, 'Kübra', '1', 'mdr', 'Üsküdar');
INSERT INTO `login` VALUES (29, 'Hilal', '1', 'mdr', 'Üsküdar');
INSERT INTO `login` VALUES (30, 'Mustafa', '1', 'mdr', 'Kadıköy');
INSERT INTO `login` VALUES (31, 'Yeliz', '1', 'mdr', 'Kadıköy');

-- ----------------------------
-- Table structure for musteriler
-- ----------------------------
DROP TABLE IF EXISTS `musteriler`;
CREATE TABLE `musteriler`  (
  `id` int(11) NOT NULL AUTO_INCREMENT,
  `TC` varchar(11) CHARACTER SET utf8 COLLATE utf8_turkish_ci NULL DEFAULT NULL,
  `adi` varchar(255) CHARACTER SET utf8 COLLATE utf8_turkish_ci NULL DEFAULT NULL,
  `soyadi` varchar(255) CHARACTER SET utf8 COLLATE utf8_turkish_ci NULL DEFAULT NULL,
  `dtarih` varchar(11) CHARACTER SET utf8 COLLATE utf8_turkish_ci NULL DEFAULT NULL,
  `dyer` varchar(255) CHARACTER SET utf8 COLLATE utf8_turkish_ci NULL DEFAULT NULL,
  `telefon` varchar(13) CHARACTER SET utf8 COLLATE utf8_turkish_ci NULL DEFAULT NULL,
  `adres` varchar(255) CHARACTER SET utf8 COLLATE utf8_turkish_ci NULL DEFAULT NULL,
  `musteri_id` varchar(20) CHARACTER SET utf8 COLLATE utf8_turkish_ci NULL DEFAULT NULL,
  `kayıt_tarihi` datetime(0) NOT NULL,
  `calisma_durumu` varchar(255) CHARACTER SET utf8 COLLATE utf8_turkish_ci NOT NULL,
  `gelir` int(15) NULL DEFAULT NULL,
  PRIMARY KEY (`id`) USING BTREE
) ENGINE = InnoDB AUTO_INCREMENT = 39 CHARACTER SET = utf8 COLLATE = utf8_turkish_ci ROW_FORMAT = Compact;

-- ----------------------------
-- Records of musteriler
-- ----------------------------
INSERT INTO `musteriler` VALUES (1, '11111', 'ramazan', 'ışık', '01.10.1999', 'gzntp', '112', 'antep', '78985544', '2018-01-05 20:42:38', '1', 10000);
INSERT INTO `musteriler` VALUES (2, '22222', 'ismail', 'şahin', '12.12.1993', 'kutahya', '5554449988', 'izmir', '78895887', '2018-01-05 15:42:31', '1', NULL);
INSERT INTO `musteriler` VALUES (3, '55555', 'de', 'dl', '12.21.1588', 'gaziantep', '22', 'bb', '20270100', '2018-01-05 15:52:31', '4', 3333);
INSERT INTO `musteriler` VALUES (4, '2323232', 'wewe', 'wewe', 'wewe', 'wew', 'ew', 'ewew', '20270100', '2018-01-05 15:57:55', '', NULL);
INSERT INTO `musteriler` VALUES (5, 'dsdsd', 'sdsd', 'sds', 'dsd', 'sdsd', 'sdsd', 'sds', '20270100', '2018-01-05 15:58:32', '', NULL);
INSERT INTO `musteriler` VALUES (6, '33333', 'de', 'dl', '14.12.2132', 'fgfgfg', '22', 'bb', '20270100', '2018-01-05 16:10:12', '5', 3333);
INSERT INTO `musteriler` VALUES (7, '33333', 'de', 'dl', '12.21.1325', 'fgfg', '22', 'bb', '20270100', '2018-01-05 16:13:03', '5', 3333);
INSERT INTO `musteriler` VALUES (13, '44444', 'eere', 'eerrt', '13', 'dfdd', 'ddd', '3433', '10180106', '2018-01-06 14:04:41', '3', 44444);
INSERT INTO `musteriler` VALUES (14, '12121212123', 'örnek', 'sen', '01.10.1666', 'burdur', 'dsdsd', '32323', '10180108', '2018-01-08 13:44:22', '1', 20000);
INSERT INTO `musteriler` VALUES (15, '12123456777', 'sdsd', 'sdsd', 'sdsd', 'sdsd', 'sdsd', '323232', '101801080145', '2018-01-08 13:45:26', '1', 32);
INSERT INTO `musteriler` VALUES (16, '11111111111', 'deneme', 'siz', '10.10.1987', 'antep', 'bursa', '1111', '101801090529', '2018-01-09 17:30:41', '1', 15000);
INSERT INTO `musteriler` VALUES (19, '33333333333', 'sdsd', 'sdsdsd', '10.20.1987', 'sdsdsd', 'sdsd', '2121212', '101801090533', '2018-01-09 17:35:45', '1', 23232);
INSERT INTO `musteriler` VALUES (20, '77777777777', 'sasas', 'asasa', '23213', 'sasas', 'wewe', '232323', '101801090536', '2018-01-09 17:50:44', '1', 121212);
INSERT INTO `musteriler` VALUES (21, '88888888888', 'rere', 'erer', '434', 'erer', 'dsdsd', '342323', '101801090552', '2018-01-09 17:52:56', '1', 2222222);
INSERT INTO `musteriler` VALUES (22, '11223344565', 'sasas', 'asas', '23123232', 'sdsdsd', 'sdsdsd', '2211212', '101801090554', '2018-01-09 17:55:04', '1', 323232323);
INSERT INTO `musteriler` VALUES (23, '99999999999', 'ali', 'veli', '10.10.1365', 'sas', 'sdsd', '122121', '101801090600', '2018-01-09 18:01:10', '1', 3333);
INSERT INTO `musteriler` VALUES (24, '11221122332', 'aas', 'aaa', '11', '2', 'ss', '3333', '101801090721', '2018-01-09 19:22:20', '1', 222);
INSERT INTO `musteriler` VALUES (25, '23232323235', 'aa', 'zx', '1993', 'aa', 'aa', '3334', '101801100727', '2018-01-10 19:28:08', '1', 20000);
INSERT INTO `musteriler` VALUES (26, '12333333332', 'muharrem', 'dikici', '10.10.1994', 'kadıköy', 'karaköy', '22222', '101801110701', '2018-01-11 19:02:02', '1', 100);
INSERT INTO `musteriler` VALUES (27, '74741444445', 'ali', 'şahin', '11.11.2014', 'araban', 'aaaa', '55555', '101801170504', '2018-01-17 17:04:47', '1', 20000);
INSERT INTO `musteriler` VALUES (28, '34343434343', 'Samet', 'İşler', '12.12.2012', 'rrrsdd', 'dsdsd', '232323', '101801180120', '2018-01-18 13:21:17', '1', 20000);
INSERT INTO `musteriler` VALUES (29, '32435645345', 'Hüseyin', 'Vedat', '01.12.2013', 'beşiktaş', 'konak', '5545554466', '101801191224', '2018-01-19 12:25:47', '1', 2000);
INSERT INTO `musteriler` VALUES (30, '12352145632', 'asas', 'asasas', '21', 'wqw', 'sasas', '121212', '101801190143', '2018-01-19 13:43:41', '1', 0);
INSERT INTO `musteriler` VALUES (31, '00000000001', 'Ayşe', 'Gül', '1900', 'İstanbul', 'Türkiye', '05343433434', '101801200457', '2018-01-20 16:58:17', '1', 3000);
INSERT INTO `musteriler` VALUES (32, '00000000002', 'Ahmet', 'Uzun', '1999', 'jj', 'jj', '5454545454', '101801200513', '2018-01-20 17:14:00', '3', 2000);
INSERT INTO `musteriler` VALUES (33, '22222222111', 'son', 'ali', '12.12.2012', 'bura', 'aaaa', '22222', '101801210108', '2018-01-21 13:08:45', '2', 122222);
INSERT INTO `musteriler` VALUES (34, '33333333331', 'Fatih', 'Çetin', '111', 'dwfds', 'sdsd', '5554', '101801210109', '2018-01-21 13:09:54', '1', 1111);
INSERT INTO `musteriler` VALUES (35, '12121212121', 'Hakan', 'Öz', '01.01.1990', 'Ankara', 'Batıkent', '5342345678', '101801210312', '2018-01-21 15:14:31', '1', 9000);
INSERT INTO `musteriler` VALUES (36, '34523456701', 'ismail', 'şahin', '1993', 'konak', 'izmir', '05541236212', '101801210436', '2018-01-21 16:37:00', '1', 4000);
INSERT INTO `musteriler` VALUES (37, '34567854678', 'Ali', 'Veli', '1923', 'istanbul', 'istanbul', '05332333112', '101801210440', '2018-01-21 16:40:56', '1', 5000);
INSERT INTO `musteriler` VALUES (38, '26722735098', 'Mustafa', 'Bayındırlı', '1989', 'gaziantep', 'gaziantep', '05554322392', '101801210447', '2018-01-21 16:48:36', '1', 5000);

-- ----------------------------
-- Table structure for onay
-- ----------------------------
DROP TABLE IF EXISTS `onay`;
CREATE TABLE `onay`  (
  `id` int(11) NOT NULL AUTO_INCREMENT,
  `hesap_tur` varchar(15) CHARACTER SET utf8 COLLATE utf8_turkish_ci NULL DEFAULT NULL,
  `hesap_id` varchar(16) CHARACTER SET utf8 COLLATE utf8_turkish_ci NULL DEFAULT NULL,
  `kredi_miktari` varchar(20) CHARACTER SET utf8 COLLATE utf8_turkish_ci NULL DEFAULT NULL,
  `durum` varchar(2) CHARACTER SET utf8 COLLATE utf8_turkish_ci NULL DEFAULT NULL,
  PRIMARY KEY (`id`) USING BTREE
) ENGINE = InnoDB AUTO_INCREMENT = 41 CHARACTER SET = utf8 COLLATE = utf8_turkish_ci ROW_FORMAT = Compact;

-- ----------------------------
-- Records of onay
-- ----------------------------
INSERT INTO `onay` VALUES (19, '4', '2050', '1000', '2');
INSERT INTO `onay` VALUES (21, '3', '345345', '2000', '1');
INSERT INTO `onay` VALUES (24, '4', '26777', '1000', '1');
INSERT INTO `onay` VALUES (25, '4', '45566', '1000', '1');
INSERT INTO `onay` VALUES (26, '3', '23333', '2000', '1');
INSERT INTO `onay` VALUES (27, '3', '10468080', '2000', '2');
INSERT INTO `onay` VALUES (28, '4', '10446156', '10000', '2');
INSERT INTO `onay` VALUES (29, '3', '1016809', '5000', '2');
INSERT INTO `onay` VALUES (30, '3', '10213641', '40000', '2');
INSERT INTO `onay` VALUES (31, '4', '10414271', '2000', '1');
INSERT INTO `onay` VALUES (32, '3', '10110764', '20300', '1');
INSERT INTO `onay` VALUES (33, '4', '1085447', '2000', '2');
INSERT INTO `onay` VALUES (34, '3', '10788294', '4000', '3');
INSERT INTO `onay` VALUES (35, '3', '10409595', '4000', '3');
INSERT INTO `onay` VALUES (36, '4', '10178660', '5000', '1');
INSERT INTO `onay` VALUES (37, '4', '10408548', '50000', '3');
INSERT INTO `onay` VALUES (38, '4', '10407683', '5000', '3');
INSERT INTO `onay` VALUES (39, '4', '10321029', '1000', '3');
INSERT INTO `onay` VALUES (40, '4', '10293964', '20000', '2');

-- ----------------------------
-- Table structure for roller
-- ----------------------------
DROP TABLE IF EXISTS `roller`;
CREATE TABLE `roller`  (
  `id` int(11) NOT NULL AUTO_INCREMENT,
  `ad` varchar(255) CHARACTER SET utf8 COLLATE utf8_turkish_ci NULL DEFAULT NULL,
  `seviye` varchar(255) CHARACTER SET utf8 COLLATE utf8_turkish_ci NULL DEFAULT NULL,
  PRIMARY KEY (`id`) USING BTREE
) ENGINE = InnoDB AUTO_INCREMENT = 4 CHARACTER SET = utf8 COLLATE = utf8_turkish_ci ROW_FORMAT = Compact;

-- ----------------------------
-- Records of roller
-- ----------------------------
INSERT INTO `roller` VALUES (1, 'vzn', '1');
INSERT INTO `roller` VALUES (2, 'mdr', '2');
INSERT INTO `roller` VALUES (3, 'drktr', '3');

-- ----------------------------
-- Table structure for sifre_hatirla
-- ----------------------------
DROP TABLE IF EXISTS `sifre_hatirla`;
CREATE TABLE `sifre_hatirla`  (
  `id` int(11) NOT NULL AUTO_INCREMENT,
  `kullanici_adi` varchar(255) CHARACTER SET utf8 COLLATE utf8_turkish_ci NULL DEFAULT NULL,
  `mac` varchar(255) CHARACTER SET utf8 COLLATE utf8_turkish_ci NULL DEFAULT NULL,
  `flag` varchar(2) CHARACTER SET utf8 COLLATE utf8_turkish_ci NULL DEFAULT NULL,
  PRIMARY KEY (`id`) USING BTREE
) ENGINE = InnoDB AUTO_INCREMENT = 20 CHARACTER SET = utf8 COLLATE = utf8_turkish_ci ROW_FORMAT = Compact;

-- ----------------------------
-- Records of sifre_hatirla
-- ----------------------------
INSERT INTO `sifre_hatirla` VALUES (11, 'ismail', 'D4-BE-D9-C7-88-FD', '1');
INSERT INTO `sifre_hatirla` VALUES (17, 'ismail', 'C8-5B-76-DF-C4-4F', '1');
INSERT INTO `sifre_hatirla` VALUES (18, 'ismail', '', '1');

-- ----------------------------
-- Table structure for sube
-- ----------------------------
DROP TABLE IF EXISTS `sube`;
CREATE TABLE `sube`  (
  `sube_id` int(11) NOT NULL AUTO_INCREMENT,
  `sube_kodu` varchar(4) CHARACTER SET utf8 COLLATE utf8_turkish_ci NULL DEFAULT NULL,
  `sube_adi` varchar(255) CHARACTER SET utf8 COLLATE utf8_turkish_ci NULL DEFAULT NULL,
  PRIMARY KEY (`sube_id`) USING BTREE
) ENGINE = InnoDB AUTO_INCREMENT = 13 CHARACTER SET = utf8 COLLATE = utf8_turkish_ci ROW_FORMAT = Compact;

-- ----------------------------
-- Records of sube
-- ----------------------------
INSERT INTO `sube` VALUES (1, '2700', 'Beşiktaş');
INSERT INTO `sube` VALUES (2, '2701', 'Kadıköy');
INSERT INTO `sube` VALUES (7, '2702', 'Üsküdar');
INSERT INTO `sube` VALUES (9, '2703', 'Pendik');
INSERT INTO `sube` VALUES (12, '005', 'Beyoğlu');

-- ----------------------------
-- Procedure structure for abonegetir
-- ----------------------------
DROP PROCEDURE IF EXISTS `abonegetir`;
delimiter ;;
CREATE DEFINER=`root`@`localhost` PROCEDURE `abonegetir`(IN `abone_idd` varchar(15),IN `k_tur`VARCHAR(25))
BEGIN
	
	select aboneler.musteri_id from aboneler where aboneler.abone_no=abone_idd and aboneler.kurum_id=k_tur;

END
;;
delimiter ;

-- ----------------------------
-- Procedure structure for bakiye_getir
-- ----------------------------
DROP PROCEDURE IF EXISTS `bakiye_getir`;
delimiter ;;
CREATE DEFINER=`root`@`localhost` PROCEDURE `bakiye_getir`(IN `hesap_idd` varchar(25))
BEGIN
	
	SELECT bakiye.bky,hesaplar.doviz_tip from bakiye inner join hesaplar on bakiye.hesapid=hesaplar.hesap_id where bakiye.hesapid=hesap_idd;

END
;;
delimiter ;

-- ----------------------------
-- Procedure structure for data_Getir
-- ----------------------------
DROP PROCEDURE IF EXISTS `data_Getir`;
delimiter ;;
CREATE DEFINER=`root`@`localhost` PROCEDURE `data_Getir`()
BEGIN
 select kadi from login where rol='vzn';

END
;;
delimiter ;

-- ----------------------------
-- Procedure structure for dateRapor
-- ----------------------------
DROP PROCEDURE IF EXISTS `dateRapor`;
delimiter ;;
CREATE DEFINER=`root`@`localhost` PROCEDURE `dateRapor`(IN `tarih1` date,IN `tarih2` date)
BEGIN
set @date1=tarih1;
set @date2=tarih2;
Select musteriler.adi,musteriler.soyadi,hesap_detay.bakiye,hesaplar.doviz_tip,hesap_detay.islem_turu,hesap_detay.islem_tarih FROM hesaplar 
join musteriler on hesaplar.musteri_id = musteriler.musteri_id
join hesap_detay on hesap_detay.hesapid =hesaplar.hesap_id  
 where hesap_detay.islem_tarih BETWEEN @date1 and @date2 ;
END
;;
delimiter ;

-- ----------------------------
-- Procedure structure for doviz_getir
-- ----------------------------
DROP PROCEDURE IF EXISTS `doviz_getir`;
delimiter ;;
CREATE DEFINER=`root`@`localhost` PROCEDURE `doviz_getir`()
BEGIN
	SELECT  doviz_tipi.id,doviz_tipi.adi  from doviz_tipi;

END
;;
delimiter ;

-- ----------------------------
-- Procedure structure for doviz_getir_y
-- ----------------------------
DROP PROCEDURE IF EXISTS `doviz_getir_y`;
delimiter ;;
CREATE DEFINER=`root`@`localhost` PROCEDURE `doviz_getir_y`(IN `dvz_id`VARCHAR(10))
BEGIN
	SELECT  doviz_tipi.id,doviz_tipi.adi  from doviz_tipi where doviz_tipi.id=dvz_id;

END
;;
delimiter ;

-- ----------------------------
-- Procedure structure for hesapCikis
-- ----------------------------
DROP PROCEDURE IF EXISTS `hesapCikis`;
delimiter ;;
CREATE DEFINER=`root`@`localhost` PROCEDURE `hesapCikis`()
BEGIN
Select musteriler.adi,musteriler.soyadi,hesap_detay.bakiye,hesaplar.doviz_tip,hesap_detay.islem_turu from hesaplar 
join musteriler on hesaplar.musteri_id = musteriler.musteri_id
join hesap_detay on hesap_detay.hesapid =hesaplar.hesap_id  
 where hesap_detay.islem_turu='2';
END
;;
delimiter ;

-- ----------------------------
-- Procedure structure for hesapGiris
-- ----------------------------
DROP PROCEDURE IF EXISTS `hesapGiris`;
delimiter ;;
CREATE DEFINER=`root`@`localhost` PROCEDURE `hesapGiris`()
BEGIN
Select musteriler.adi,musteriler.soyadi,hesap_detay.bakiye,hesaplar.doviz_tip,hesap_detay.islem_turu from hesaplar 
join musteriler on hesaplar.musteri_id = musteriler.musteri_id
join hesap_detay on hesap_detay.hesapid =hesaplar.hesap_id  
 where hesap_detay.islem_turu='1';
END
;;
delimiter ;

-- ----------------------------
-- Procedure structure for hesapsil
-- ----------------------------
DROP PROCEDURE IF EXISTS `hesapsil`;
delimiter ;;
CREATE DEFINER=`root`@`localhost` PROCEDURE `hesapsil`(IN `hesap_idd` varchar(20))
BEGIN

UPDATE kredi_karti set kredi_karti.durum='3' where kredi_karti.hesapid=hesap_idd;


END
;;
delimiter ;

-- ----------------------------
-- Procedure structure for hesapsil_ara
-- ----------------------------
DROP PROCEDURE IF EXISTS `hesapsil_ara`;
delimiter ;;
CREATE DEFINER=`root`@`localhost` PROCEDURE `hesapsil_ara`(IN `tc` varchar(25))
BEGIN

SELECT hesaplar.hesap_id,hesap_turu.adi,hesap_turu.id,kredi_karti_odeme.borc,musteriler.musteri_id,kredi_karti.`limit`,kredi_karti.ekstre_tarih FROM  musteriler inner JOIN hesaplar on musteriler.musteri_id=hesaplar.musteri_id INNER JOIN hesap_turu on hesap_turu.id=hesaplar.hesap_turu INNER JOIN kredi_karti_odeme on kredi_karti_odeme.hesapid=hesaplar.hesap_id inner JOIN kredi_karti on kredi_karti.hesapid=hesaplar.hesap_id  where musteriler.TC=tc and hesaplar.hesap_turu='3' and kredi_karti.durum='1';


END
;;
delimiter ;

-- ----------------------------
-- Procedure structure for hesap_ara
-- ----------------------------
DROP PROCEDURE IF EXISTS `hesap_ara`;
delimiter ;;
CREATE DEFINER=`root`@`localhost` PROCEDURE `hesap_ara`(IN `musteri_id` VARCHAR(15))
BEGIN
	 SELECT hesaplar.hesap_id,hesap_turu.adi,hesaplar.gecerlilik_tarih,bakiye.bky FROM hesaplar INNER JOIN  hesap_turu  on hesap_turu.id=hesaplar.`hesap_turu` inner
	join bakiye on bakiye.hesapid=hesaplar.hesap_id where hesaplar.musteri_id=musteri_id;

END
;;
delimiter ;

-- ----------------------------
-- Procedure structure for hesap_ara2
-- ----------------------------
DROP PROCEDURE IF EXISTS `hesap_ara2`;
delimiter ;;
CREATE DEFINER=`root`@`localhost` PROCEDURE `hesap_ara2`(IN `musteri_id` VARCHAR(15))
BEGIN
	 SELECT hesaplar.hesap_id,hesap_turu.adi,hesaplar.gecerlilik_tarih FROM hesaplar INNER JOIN  hesap_turu  on hesap_turu.id=hesaplar.`hesap_turu` where hesaplar.musteri_id=musteri_id and (hesaplar.hesap_turu='3' or hesaplar.hesap_turu='4');

END
;;
delimiter ;

-- ----------------------------
-- Procedure structure for hesap_ara_havale
-- ----------------------------
DROP PROCEDURE IF EXISTS `hesap_ara_havale`;
delimiter ;;
CREATE DEFINER=`root`@`localhost` PROCEDURE `hesap_ara_havale`(IN `deger` varchar(30))
BEGIN
	
	SELECT musteriler.adi,musteriler.soyadi,hesaplar.hesap_id,hesaplar.doviz_tip,hesaplar.hesap_turu,hesap_turu.adi from hesaplar INNER JOIN musteriler on musteriler.musteri_id=hesaplar.musteri_id inner join hesap_turu on hesaplar.hesap_turu=hesap_turu.id where hesaplar.hesap_id=deger or hesaplar.iban=deger;

END
;;
delimiter ;

-- ----------------------------
-- Procedure structure for hesap_detay_kaydet
-- ----------------------------
DROP PROCEDURE IF EXISTS `hesap_detay_kaydet`;
delimiter ;;
CREATE DEFINER=`root`@`localhost` PROCEDURE `hesap_detay_kaydet`(IN `hesap_idd` varchar(25),IN `bky` DOUBLE,IN `islem_tur` varchar(25),IN `d_tip` varchar(25))
BEGIN

  insert into hesap_detay VALUES(null,hesap_idd,bky,islem_tur,now(),d_tip);

END
;;
delimiter ;

-- ----------------------------
-- Procedure structure for hesap_guncelle
-- ----------------------------
DROP PROCEDURE IF EXISTS `hesap_guncelle`;
delimiter ;;
CREATE DEFINER=`root`@`localhost` PROCEDURE `hesap_guncelle`(IN `hesap_idd` varchar(20),IN `limitt` varchar(20),IN `ekstre_tarih` varchar(20))
BEGIN
	 
 UPDATE kredi_karti set kredi_karti.`limit`=limitt,kredi_karti.ekstre_tarih=ekstre_tarih where kredi_karti.hesapid=hesap_idd;

END
;;
delimiter ;

-- ----------------------------
-- Procedure structure for hesap_olustur_doviz
-- ----------------------------
DROP PROCEDURE IF EXISTS `hesap_olustur_doviz`;
delimiter ;;
CREATE DEFINER=`root`@`localhost` PROCEDURE `hesap_olustur_doviz`(IN `hesap_tur` varchar(255),IN `hesap_id` varchar(255),IN `musteri_idd` varchar(255),IN `g_tarih` varchar(255),IN `iban`VARCHAR(30),IN `doviz_tipi`VARCHAR(20))
BEGIN
	 
		insert into hesaplar values(null,hesap_tur,hesap_id,musteri_idd,g_tarih,null,(SELECT m.gelir as gelir from musteriler as m where m.musteri_id=musteri_idd limit 0,1),iban,doviz_tipi);
		
		

END
;;
delimiter ;

-- ----------------------------
-- Procedure structure for hesap_olustur_vadeli
-- ----------------------------
DROP PROCEDURE IF EXISTS `hesap_olustur_vadeli`;
delimiter ;;
CREATE DEFINER=`root`@`localhost` PROCEDURE `hesap_olustur_vadeli`(IN `hesap_tur` varchar(255),IN `hesap_id` varchar(255),IN `musteri_idd` varchar(255),IN `g_tarih` varchar(255),IN `faiz`VARCHAR(255),IN `iban`VARCHAR(30))
BEGIN
	 -- SET @maas=(SELECT m.gelir as gelir from musteriler as m where m.musteri_id=musteri_idd limit 0,1);
		insert into hesaplar values(null,hesap_tur,hesap_id,musteri_idd,g_tarih,faiz,(SELECT m.gelir as gelir from musteriler as m where m.musteri_id=musteri_idd limit 0,1),iban,'1');
		
		

END
;;
delimiter ;

-- ----------------------------
-- Procedure structure for hesap_olustur_vadesiz
-- ----------------------------
DROP PROCEDURE IF EXISTS `hesap_olustur_vadesiz`;
delimiter ;;
CREATE DEFINER=`root`@`localhost` PROCEDURE `hesap_olustur_vadesiz`(IN `hesap_tur` varchar(255),IN `hesap_id` varchar(255),IN `musteri_idd` varchar(255),IN `g_tarih` varchar(255),IN `iban`VARCHAR(30))
BEGIN
	  
		insert into hesaplar values(null,hesap_tur,hesap_id,musteri_idd,g_tarih,null,(SELECT m.gelir as gelir from musteriler as m where m.musteri_id=musteri_idd limit 0,1),iban,'1');
		
		

END
;;
delimiter ;

-- ----------------------------
-- Procedure structure for h_arasi_havale
-- ----------------------------
DROP PROCEDURE IF EXISTS `h_arasi_havale`;
delimiter ;;
CREATE DEFINER=`root`@`localhost` PROCEDURE `h_arasi_havale`(IN `hesap_idd_g` varchar(25),IN `hesap_idd_a`VARCHAR(25))
BEGIN
	
	SET @mstid=(SELECT hesaplar.musteri_id from hesaplar where hesaplar.hesap_id=hesap_idd_g);
	SET @htur=(SELECT hesaplar.hesap_turu from hesaplar where hesaplar.hesap_id=hesap_idd_g);
	SET @dtip=(select hesaplar.doviz_tip from hesaplar where hesaplar.hesap_id=hesap_idd_g);
	
	select hesaplar.hesap_turu,hesaplar.doviz_tip from hesaplar where  hesaplar.hesap_id=hesap_idd_a and hesaplar.musteri_id=@mstid and hesaplar.hesap_turu=@htur and hesaplar.doviz_tip=@dtip;

END
;;
delimiter ;

-- ----------------------------
-- Procedure structure for kk_List
-- ----------------------------
DROP PROCEDURE IF EXISTS `kk_List`;
delimiter ;;
CREATE DEFINER=`root`@`localhost` PROCEDURE `kk_List`()
BEGIN
Select musteriler.adi, musteriler.soyadi,onay.kredi_miktari,musteriler.gelir,onay.durum ,onay.id from musteriler 
join hesaplar on hesaplar.musteri_id = musteriler.musteri_id
join onay on onay.hesap_id =hesaplar.hesap_id where durum=1; 

END
;;
delimiter ;

-- ----------------------------
-- Procedure structure for kredi-ode
-- ----------------------------
DROP PROCEDURE IF EXISTS `kredi-ode`;
delimiter ;;
CREATE DEFINER=`root`@`localhost` PROCEDURE `kredi-ode`(IN `hesap_idd` varchar(25),IN `tutar` int)
BEGIN
	SET@d1=tutar;
	SET@brc=(SELECT kredi_karti_odeme.borc from kredi_karti_odeme where kredi_karti_odeme.hesapid=hesap_idd);
	SET@toplam=@d1-@brc;
	UPDATE kredi_karti_odeme set kredi_karti_odeme.borc=@toplam;
	

END
;;
delimiter ;

-- ----------------------------
-- Procedure structure for krediKartiRapor
-- ----------------------------
DROP PROCEDURE IF EXISTS `krediKartiRapor`;
delimiter ;;
CREATE DEFINER=`root`@`localhost` PROCEDURE `krediKartiRapor`()
BEGIN
Select musteriler.adi, musteriler.soyadi,onay.kredi_miktari,musteriler.gelir,onay.durum from musteriler 
join hesaplar on hesaplar.musteri_id = musteriler.musteri_id
join onay on onay.hesap_id =hesaplar.hesap_id where durum=2 and hesaplar.hesap_turu=3; 

END
;;
delimiter ;

-- ----------------------------
-- Procedure structure for krediList
-- ----------------------------
DROP PROCEDURE IF EXISTS `krediList`;
delimiter ;;
CREATE DEFINER=`root`@`localhost` PROCEDURE `krediList`()
BEGIN
 select * from onay;

END
;;
delimiter ;

-- ----------------------------
-- Procedure structure for krediRapor
-- ----------------------------
DROP PROCEDURE IF EXISTS `krediRapor`;
delimiter ;;
CREATE DEFINER=`root`@`localhost` PROCEDURE `krediRapor`()
BEGIN
Select musteriler.adi, musteriler.soyadi,onay.kredi_miktari,musteriler.gelir,onay.durum from musteriler 
join hesaplar on hesaplar.musteri_id = musteriler.musteri_id
join onay on onay.hesap_id =hesaplar.hesap_id where durum=2 and hesaplar.hesap_turu=4; 

END
;;
delimiter ;

-- ----------------------------
-- Procedure structure for kredi_karti_olustur
-- ----------------------------
DROP PROCEDURE IF EXISTS `kredi_karti_olustur`;
delimiter ;;
CREATE DEFINER=`root`@`localhost` PROCEDURE `kredi_karti_olustur`(IN `hesap_tur` varchar(10),IN `hesap_idd` varchar(15),IN `musteri_idd` varchar(255),IN `gecerli_tarih` varchar(15),IN `ibann` varchar(30),IN `limitt` varchar(15),IN `eks_tarih` varchar(45))
BEGIN
	insert into hesaplar VALUES(null,hesap_tur,hesap_idd,musteri_idd,gecerli_tarih,NULL,(SELECT m.gelir as gelir from musteriler as m where m.musteri_id=musteri_idd limit 0,1),ibann,'1');
	
	insert into kredi_karti VALUES(null,hesap_tur,hesap_idd,limitt,eks_tarih,now(),'1');

END
;;
delimiter ;

-- ----------------------------
-- Procedure structure for kredi_kaydet
-- ----------------------------
DROP PROCEDURE IF EXISTS `kredi_kaydet`;
delimiter ;;
CREATE DEFINER=`root`@`localhost` PROCEDURE `kredi_kaydet`(IN `hesap_tur` varchar(25),IN `hesap_idd` varchar(255),IN `musteri_idd` varchar(25),IN `faiz` DOUBLE,IN `maas` varchar(20),IN `ibann` varchar(26),IN `k_miktar` varchar(20),IN `t_sayi` varchar(10),IN `g_tutar` varchar(20),IN `t_tutar` varchar(20),IN `b_tarih` varchar(20))
BEGIN

insert INTO hesaplar VALUES(null,hesap_tur,hesap_idd,musteri_idd,null,faiz,maas,ibann,'1');

insert into kredi VALUES(null,hesap_tur,hesap_idd,k_miktar,t_sayi,faiz,g_tutar,t_tutar,b_tarih,now(),'1');

END
;;
delimiter ;

-- ----------------------------
-- Procedure structure for kredi_List
-- ----------------------------
DROP PROCEDURE IF EXISTS `kredi_List`;
delimiter ;;
CREATE DEFINER=`root`@`localhost` PROCEDURE `kredi_List`()
BEGIN
Select musteriler.adi, musteriler.soyadi,onay.kredi_miktari,musteriler.gelir,onay.durum from musteriler 
join hesaplar on hesaplar.musteri_id = musteriler.musteri_id
join onay on onay.hesap_id =hesaplar.hesap_id where durum=1; 

END
;;
delimiter ;

-- ----------------------------
-- Procedure structure for kredi_ode
-- ----------------------------
DROP PROCEDURE IF EXISTS `kredi_ode`;
delimiter ;;
CREATE DEFINER=`root`@`localhost` PROCEDURE `kredi_ode`(IN `hesap_idd` varchar(25),IN `tutar` int)
BEGIN
	SET@d1=tutar;
	SET@brc=(SELECT kredi_karti_odeme.borc from kredi_karti_odeme where kredi_karti_odeme.hesapid=hesap_idd);
	SET@toplam=@brc-@d1;
	UPDATE kredi_karti_odeme set kredi_karti_odeme.borc=@toplam;
	

END
;;
delimiter ;

-- ----------------------------
-- Procedure structure for kredi_odee
-- ----------------------------
DROP PROCEDURE IF EXISTS `kredi_odee`;
delimiter ;;
CREATE DEFINER=`root`@`localhost` PROCEDURE `kredi_odee`(IN `hesap_idd` varchar(20),IN `tutar` int)
BEGIN
	SET@d1=tutar;
	SET@d2=(SELECT kredi_odeme.taksit_sayi from kredi_odeme where kredi_odeme.hesapid=hesap_idd);
	SET@d3=(SELECT kredi_odeme.toplam_borc from kredi_odeme where kredi_odeme.hesapid=hesap_idd);
	SET@toplam=@d3-@d1;
	SET@t_sayi=@d2-1;
	
	UPDATE kredi_odeme set kredi_odeme.toplam_borc=@toplam,kredi_odeme.taksit_sayi=@t_sayi where kredi_odeme.hesapid=hesap_idd;
	
	

END
;;
delimiter ;

-- ----------------------------
-- Procedure structure for kurumgetir
-- ----------------------------
DROP PROCEDURE IF EXISTS `kurumgetir`;
delimiter ;;
CREATE DEFINER=`root`@`localhost` PROCEDURE `kurumgetir`(IN `k_tur` VARCHAR(25))
BEGIN
	SELECT kurumlar.kurum_id,kurumlar.kurum_ad,hesaplar.hesap_id from kurumlar INNER JOIN hesaplar on kurumlar.kurum_id=hesaplar.musteri_id where  kurumlar.kurum_tur=k_tur;

END
;;
delimiter ;

-- ----------------------------
-- Procedure structure for k_karti_ara
-- ----------------------------
DROP PROCEDURE IF EXISTS `k_karti_ara`;
delimiter ;;
CREATE DEFINER=`root`@`localhost` PROCEDURE `k_karti_ara`(IN `musteri_idd` varchar(25))
BEGIN
	
	select hesaplar.hesap_id from hesaplar where hesaplar.musteri_id=musteri_idd and hesaplar.hesap_turu='3';

END
;;
delimiter ;

-- ----------------------------
-- Procedure structure for List
-- ----------------------------
DROP PROCEDURE IF EXISTS `List`;
delimiter ;;
CREATE DEFINER=`root`@`localhost` PROCEDURE `List`()
BEGIN
  Select kadi from login where rol='mdr';

END
;;
delimiter ;

-- ----------------------------
-- Procedure structure for mudur _Sil
-- ----------------------------
DROP PROCEDURE IF EXISTS `mudur _Sil`;
delimiter ;;
CREATE DEFINER=`root`@`localhost` PROCEDURE `mudur _Sil`(IN kullanici_adi VARCHAR(255))
BEGIN
delete FROM login where kadi=kullanici_adi;

END
;;
delimiter ;

-- ----------------------------
-- Procedure structure for mudur_Ara
-- ----------------------------
DROP PROCEDURE IF EXISTS `mudur_Ara`;
delimiter ;;
CREATE DEFINER=`root`@`localhost` PROCEDURE `mudur_Ara`(IN `kullanici_adi` VARCHAR(255))
BEGIN

SELECT kadi FROM login WHERE  kadi=kullanici_adi and rol='mdr';

END
;;
delimiter ;

-- ----------------------------
-- Procedure structure for mudur_Getir
-- ----------------------------
DROP PROCEDURE IF EXISTS `mudur_Getir`;
delimiter ;;
CREATE DEFINER=`root`@`localhost` PROCEDURE `mudur_Getir`()
BEGIN
  Select kadi from login where rol='mdr';

END
;;
delimiter ;

-- ----------------------------
-- Procedure structure for mudur_Getirr
-- ----------------------------
DROP PROCEDURE IF EXISTS `mudur_Getirr`;
delimiter ;;
CREATE DEFINER=`root`@`localhost` PROCEDURE `mudur_Getirr`()
BEGIN
  Select kadi from login where rol='mdr';

END
;;
delimiter ;

-- ----------------------------
-- Procedure structure for mudur_Kaydet
-- ----------------------------
DROP PROCEDURE IF EXISTS `mudur_Kaydet`;
delimiter ;;
CREATE DEFINER=`root`@`localhost` PROCEDURE `mudur_Kaydet`(IN `kadi` varchar(255) ,IN `ksifre` varchar(255),IN `rol` varchar(255),IN `sube_adi` varchar(255))
BEGIN
	
	INSERT into login VALUES(null,kadi,ksifre,rol,sube_adi);

END
;;
delimiter ;

-- ----------------------------
-- Procedure structure for musteriara
-- ----------------------------
DROP PROCEDURE IF EXISTS `musteriara`;
delimiter ;;
CREATE DEFINER=`root`@`localhost` PROCEDURE `musteriara`(IN `tc` varchar(11))
BEGIN
	select * from musteriler where musteriler.TC=tc;

END
;;
delimiter ;

-- ----------------------------
-- Procedure structure for musteriRapor
-- ----------------------------
DROP PROCEDURE IF EXISTS `musteriRapor`;
delimiter ;;
CREATE DEFINER=`root`@`localhost` PROCEDURE `musteriRapor`(IN `adi`varchar(255))
BEGIN
Select musteriler.adi,musteriler.soyadi,bakiye.bky,hesaplar.doviz_tip from hesaplar 
join musteriler on hesaplar.musteri_id = musteriler.musteri_id
join bakiye on bakiye.hesapid =hesaplar.hesap_id  
join doviz_tipi on doviz_tipi.id=hesaplar.doviz_tip where musteriler.adi=adi;
END
;;
delimiter ;

-- ----------------------------
-- Procedure structure for musteri_hesap_ara
-- ----------------------------
DROP PROCEDURE IF EXISTS `musteri_hesap_ara`;
delimiter ;;
CREATE DEFINER=`root`@`localhost` PROCEDURE `musteri_hesap_ara`(IN `tc` varchar(25))
BEGIN

SELECT hesaplar.hesap_id,hesap_turu.adi,hesap_turu.id,hesaplar.doviz_tip from musteriler inner JOIN hesaplar on musteriler.musteri_id=hesaplar.musteri_id INNER JOIN hesap_turu on hesap_turu.id=hesaplar.hesap_turu where musteriler.TC=tc and (hesaplar.hesap_turu='1' or hesaplar.hesap_turu='2'or hesaplar.hesap_turu='5');


END
;;
delimiter ;

-- ----------------------------
-- Procedure structure for musteri_kredi_ara
-- ----------------------------
DROP PROCEDURE IF EXISTS `musteri_kredi_ara`;
delimiter ;;
CREATE DEFINER=`root`@`localhost` PROCEDURE `musteri_kredi_ara`(IN `tc` varchar(25))
BEGIN

SELECT hesaplar.hesap_id,hesap_turu.adi,hesap_turu.id,kredi_odeme.taksit_tutar,kredi_odeme.toplam_borc,musteriler.musteri_id from musteriler inner JOIN hesaplar on musteriler.musteri_id=hesaplar.musteri_id INNER JOIN hesap_turu on hesap_turu.id=hesaplar.hesap_turu INNER JOIN kredi_odeme on kredi_odeme.hesapid=hesaplar.hesap_id  where musteriler.TC=tc and hesaplar.hesap_turu='4';


END
;;
delimiter ;

-- ----------------------------
-- Procedure structure for musteri_kredi_karti_ara
-- ----------------------------
DROP PROCEDURE IF EXISTS `musteri_kredi_karti_ara`;
delimiter ;;
CREATE DEFINER=`root`@`localhost` PROCEDURE `musteri_kredi_karti_ara`(IN `tc` varchar(25))
BEGIN

SELECT hesaplar.hesap_id,hesap_turu.adi,hesap_turu.id,kredi_karti_odeme.borc,musteriler.musteri_id from musteriler inner JOIN hesaplar on musteriler.musteri_id=hesaplar.musteri_id INNER JOIN hesap_turu on hesap_turu.id=hesaplar.hesap_turu INNER JOIN kredi_karti_odeme on kredi_karti_odeme.hesapid=hesaplar.hesap_id  where musteriler.TC=tc and hesaplar.hesap_turu='3';


END
;;
delimiter ;

-- ----------------------------
-- Procedure structure for m_guncelle
-- ----------------------------
DROP PROCEDURE IF EXISTS `m_guncelle`;
delimiter ;;
CREATE DEFINER=`root`@`localhost` PROCEDURE `m_guncelle`(IN `tc` varchar(11),IN `telefon` varchar(255),IN `adres` varchar(255),IN `ad`  VARCHAR(255),IN `soyad` VARCHAR(255),IN `durum`VARCHAR(10),IN `gelir` VARCHAR(10))
BEGIN

UPDATE musteriler set musteriler.telefon=telefon,musteriler.adres=adres,musteriler.adi=ad,musteriler.calisma_durumu=durum,musteriler.gelir=gelir
,musteriler.soyadi=soyad where musteriler.TC=tc;
END
;;
delimiter ;

-- ----------------------------
-- Procedure structure for m_kaydet
-- ----------------------------
DROP PROCEDURE IF EXISTS `m_kaydet`;
delimiter ;;
CREATE DEFINER=`root`@`localhost` PROCEDURE `m_kaydet`(IN `musteri_id` varchar(15),IN `tc` varchar(11),IN `ad` varchar(255),IN `soyad` varchar(255),IN `dtarih` varchar(255),IN `dyer` varchar(255),IN `adres` varchar(255),IN `telefon` varchar(13),IN `durum`VARCHAR(10),IN `gelir` VARCHAR(10))
BEGIN
	
	INSERT into musteriler VALUES(null,tc,ad,soyad,dtarih,dyer,telefon,adres,musteri_id,now(),durum,gelir);

END
;;
delimiter ;

-- ----------------------------
-- Procedure structure for Onay
-- ----------------------------
DROP PROCEDURE IF EXISTS `Onay`;
delimiter ;;
CREATE DEFINER=`root`@`localhost` PROCEDURE `Onay`(IN `oadi` VARCHAR(255),IN `osoyadi` varchar(255),IN `btipi` varchar(255),IN `gdurum`int(255), IN `odurum`varchar(255))
BEGIN
	
	INSERT into musteriler VALUES(null,oadi,osoyadi,btipi,gdurum,odurum);

END
;;
delimiter ;

-- ----------------------------
-- Procedure structure for Onaylama
-- ----------------------------
DROP PROCEDURE IF EXISTS `Onaylama`;
delimiter ;;
CREATE DEFINER=`root`@`localhost` PROCEDURE `Onaylama`(IN `ID`int(11))
BEGIN

UPDATE onay
SET durum =3
WHERE onay.id = ID;

END
;;
delimiter ;

-- ----------------------------
-- Procedure structure for Onaylat
-- ----------------------------
DROP PROCEDURE IF EXISTS `Onaylat`;
delimiter ;;
CREATE DEFINER=`root`@`localhost` PROCEDURE `Onaylat`(IN `ID`int(11))
BEGIN

UPDATE onay
SET durum =2
WHERE onay.id = ID;

END
;;
delimiter ;

-- ----------------------------
-- Procedure structure for p _Sil
-- ----------------------------
DROP PROCEDURE IF EXISTS `p _Sil`;
delimiter ;;
CREATE DEFINER=`root`@`localhost` PROCEDURE `p _Sil`(IN kullanici_adi VARCHAR(255))
BEGIN
delete FROM login where kadi=kullanici_adi;

END
;;
delimiter ;

-- ----------------------------
-- Procedure structure for personel_Sil
-- ----------------------------
DROP PROCEDURE IF EXISTS `personel_Sil`;
delimiter ;;
CREATE DEFINER=`root`@`localhost` PROCEDURE `personel_Sil`(IN kullanici_adi VARCHAR(255))
BEGIN
delete FROM login where kadi=kullanici_adi;

END
;;
delimiter ;

-- ----------------------------
-- Procedure structure for personel_VarMi
-- ----------------------------
DROP PROCEDURE IF EXISTS `personel_VarMi`;
delimiter ;;
CREATE DEFINER=`root`@`localhost` PROCEDURE `personel_VarMi`(IN `kaadi`varchar(255))
BEGIN
select count(kadi) from login where kadi=kaadi;

END
;;
delimiter ;

-- ----------------------------
-- Procedure structure for p_Ara
-- ----------------------------
DROP PROCEDURE IF EXISTS `p_Ara`;
delimiter ;;
CREATE DEFINER=`root`@`localhost` PROCEDURE `p_Ara`(IN `kullanici_adi` VARCHAR(255))
BEGIN

SELECT kadi FROM login WHERE  kadi=kullanici_adi;

END
;;
delimiter ;

-- ----------------------------
-- Procedure structure for p_kaydet
-- ----------------------------
DROP PROCEDURE IF EXISTS `p_kaydet`;
delimiter ;;
CREATE DEFINER=`root`@`localhost` PROCEDURE `p_kaydet`(IN `kadi` varchar(255) ,IN `ksifre` varchar(255),IN `rol` varchar(255),IN `sube_adi` varchar(255))
BEGIN
	
	INSERT into login VALUES(null,kadi,ksifre,rol,sube_adi);

END
;;
delimiter ;

-- ----------------------------
-- Procedure structure for p_Sifre
-- ----------------------------
DROP PROCEDURE IF EXISTS `p_Sifre`;
delimiter ;;
CREATE DEFINER=`root`@`localhost` PROCEDURE `p_Sifre`(IN `kullanici_adi` VARCHAR(255))
BEGIN

SELECT ksifre FROM login WHERE  kadi=kullanici_adi;

END
;;
delimiter ;

-- ----------------------------
-- Procedure structure for sifre_Islemleri
-- ----------------------------
DROP PROCEDURE IF EXISTS `sifre_Islemleri`;
delimiter ;;
CREATE DEFINER=`root`@`localhost` PROCEDURE `sifre_Islemleri`(IN `yeniSifre`VARCHAR(255),IN `k_adi` VARCHAR(255))
BEGIN

UPDATE login
SET ksifre =yeniSifre
WHERE kadi = k_adi;

END
;;
delimiter ;

-- ----------------------------
-- Procedure structure for sube_kayit
-- ----------------------------
DROP PROCEDURE IF EXISTS `sube_kayit`;
delimiter ;;
CREATE DEFINER=`root`@`localhost` PROCEDURE `sube_kayit`(IN `sube_kodu` varchar(4),IN `sube_adi` varchar(255))
BEGIN
	
	INSERT into sube VALUES(null,sube_kodu,sube_adi);

END
;;
delimiter ;

-- ----------------------------
-- Procedure structure for sube_List
-- ----------------------------
DROP PROCEDURE IF EXISTS `sube_List`;
delimiter ;;
CREATE DEFINER=`root`@`localhost` PROCEDURE `sube_List`()
BEGIN
select sube_adi from sube;

END
;;
delimiter ;

-- ----------------------------
-- Triggers structure for table hesap_detay
-- ----------------------------
DROP TRIGGER IF EXISTS `tr_bky_ekle`;
delimiter ;;
CREATE TRIGGER `tr_bky_ekle` AFTER INSERT ON `hesap_detay` FOR EACH ROW BEGIN

SET@d1=new.hesapid;
SET@d2=new.bakiye;
SET@d3=(select bakiye.bky from bakiye where bakiye.hesapid=@d1);
SET@d5=new.bakiye;

SET@d6=new.islem_turu;

IF @d6=1 THEN
SET@d4=@d2+@d3;
UPDATE bakiye set bakiye.bky=@d4,bakiye.son_eklenen=@d5 where bakiye.hesapid=@d1;

else 

SET@d4=@d3-@d2;
UPDATE bakiye set bakiye.bky=@d4,bakiye.son_eklenen=@d5 where bakiye.hesapid=@d1;

	
END IF;






END
;;
delimiter ;

-- ----------------------------
-- Triggers structure for table hesaplar
-- ----------------------------
DROP TRIGGER IF EXISTS `tr_bakiye_ekle`;
delimiter ;;
CREATE TRIGGER `tr_bakiye_ekle` AFTER INSERT ON `hesaplar` FOR EACH ROW BEGIN

SET @d1=new.hesap_id;
SET @d2=new.hesap_turu;


IF @d2='1' or @d2='2' or @d2='5' THEN

insert into bakiye VALUES (null,@d1,'0',@d2,null);
	


END IF;







END
;;
delimiter ;

-- ----------------------------
-- Triggers structure for table kredi
-- ----------------------------
DROP TRIGGER IF EXISTS `k_odeme`;
delimiter ;;
CREATE TRIGGER `k_odeme` AFTER INSERT ON `kredi` FOR EACH ROW BEGIN

SET@d1=new.hesapid;
SET@d2=new.g_tutar;
SET@d3=new.taksit_tutar;
SET@d4=new.taksit_sayisi;

insert into kredi_odeme VALUES(null,@d1,@d2,@d3,NOW(),@d4);


Set @degisken1=new.hesap_tur;
Set @degisken2=new.hesapid;
Set @degisken3=new.kredi_miktar;
Set @degisken4=new.durum;
insert into onay values(null,@degisken1,@degisken2,@degisken3,@degisken4);


END
;;
delimiter ;

-- ----------------------------
-- Triggers structure for table kredi_karti
-- ----------------------------
DROP TRIGGER IF EXISTS `k_karti_odeme`;
delimiter ;;
CREATE TRIGGER `k_karti_odeme` AFTER INSERT ON `kredi_karti` FOR EACH ROW BEGIN

SET@d1=new.hesapid;
SET@d2='400';

insert into kredi_karti_odeme VALUES(null,@d1,@d2,now());

Set @degisken1=new.hesap_tur;
Set @degisken2=new.hesapid;
Set @degisken3=new.limit;
Set @degisken4=new.durum;
insert into onay values(null,@degisken1,@degisken2,@degisken3,@degisken4);

END
;;
delimiter ;

SET FOREIGN_KEY_CHECKS = 1;
